SMILES,pCMC
CCCCCCCCCCCCCCCC(=O)NC1CCOC1=O,6.795880017
COCCCOCCNC(=O)CC(F)(F)C(F)(F)C(F)(F)C(F)(F)C(F)(F)C(F)(F)C(F)(F)C(F)(F)C(F)(F)C(F)(F)F,6.523023534
CCCCCCCCCCCCCCCC(=O)NCCC[N+](C)(C)CC(O)COC1OC(CO)C(O)C(O)C1O.[Cl-],6.320572103
CCCCCCCCCCCCCCCCCC(=O)NCCC[N+](C)(C)CC(O)COC1OC(CO)C(O)C(O)C1O.[Cl-],6.300162274
CCCCCCCCCCCCCCOCC(COCCCCCCCCCCCCCC)(C[N+](C)(C)C)C[N+](C)(C)C.[I-].[I-],6.148741651
CCCCCCCCCCCCCCCCCC[N+](C)(C)CCSCC[N+](C)(C)CCCCCCCCCCCCCCCCCC.[Br-].[Br-],6
CCCCCCCCCCCCCCCCOOCCOCCOCCOCCOCCOCCOCCOCC,5.921180817
CCCCCCCCCCCC[N+](CC)CC(C)O.[Br-],5.886056648
CCCCCCCCCCCCCCCCCC[N+](C)(C)CCOCC[N+](C)(C)CCCCCCCCCCCCCCCCCC.[Br-].[Br-],5.853871964
CCCCCCCCCCCC[N+]CC(C)O.[Br-],5.779891912
CCCCCCCCCCCCCCCC(O)OCCOCCOCCOCCOCCOCC,5.779891912
CCCCCCCCCCCCCCCCOCCOCCOCCOCCOCCOCCO,5.779891912
CCCCCCCCCCCCCCCCOOCCOCCOCCOCCOCCOCC,5.779891912
CCCCCCCCCCCCCCCCOOCCOCCOCCOCCOCCOCCOCC,5.770062314
CCCCCCCCCCCCCCCC(O)OCCOCCOCCOCCOCCOCCOCC,5.769551079
CCCCCCCCCCCCCCCCOCCOCCOCCOCCOCCOCCOCCO,5.769551079
CCCCCCCCCCCCCCCCOCCOCCOCCOCCOCCOCCOCCOCCOCCOCCO,5.698970004
CCCCCCCCCCCCCCCCOOCCOCCOCCOCCOCCOCCOCCOCCOCCOCC,5.698970004
CCCCCCCCCCCC[N+]CC(C)O.[Cl-],5.692503962
CCCCCCCCCCCCCCCCOOCCOCCOCCOCCOCCOCCOCCOCCOCC,5.677987561
CCCCCCCCCCCC(O)OCCOCCOCCOCCOCCOCCOCCOCCOCCOCCOCCOCCOCCOCC,5.677780705
CCCCCCCCCCCCCCCCOCCOCCOCCOCCOCCOCCOCCOCCOCCO,5.677780705
CCCCCCCCCCCCOCC(COCCCCCCCCCCCC)(C[N+](C)(C)C)C[N+](C)(C)C.[I-].[I-],5.663540266
CCCCCCCCCCCC(O)OCCOCCOCCOCCOCCOCCOCCOCCOCCOCCOCCOCCOCCOCCOCCOCCOCC,5.638272164
CCCCCCCCCCCCCCCCOCCOCCOCCOCCOCCOCCOCCOCCOCCOCCOCCOCCO,5.638272164
CCCCCCCCCCCCCCCCOOCCOCCOCCOCCOCCOCCOCCOCCOCCOCCOCCOCC,5.638083381
CCCCCCCCCCCC[N+](C)CC(C)O.[I-],5.585026652
CCCCCCCCCCCCCCCCCCN(C)C(=O)COCOCOCO,5.54515514
CCCCCCCCCCCCCCOCC(COCCCCCCCCCCCCCC)(COCC[N+](C)(C)C)COCC[N+](C)(C)C.[I-].[I-],5.543633967
CCCCCCCC=CCCCCCCCCC(=O)NCCC[N+](C)(C)CC=CC[N+](C)(C)CCCNC(=O)CCCCCCCC=CCCCCCCCC.[Cl-].[Cl-],5.536107011
CCCCCCCCCCCCCCCCOCC(O)C[N+](C)(C)CCCC[N+](C)(C)CC(O)COCCCCCCCCCCCCCCCC.[Br-].[Br-],5.522878745
CCCCCCCCCCCCCCCCCCOCCOCCOCCOCCOCCOCCOCCOCCOCCOCCO,5.522878745
CCCCCCCCCCCCCCOCC(CC[N+](C)(C)C)(CC[N+](C)(C)C)COCCCCCCCCCCCCCC.[I-].[I-],5.515700161
CCCCCCCCCCCCCCCCCCOCCOCCOCCOCCOCCOCCOCCOCCOCCOCCOCCOCCOCCOCCO,5.508638306
CCCCCCCCCCCCCCCCOCCOCCOCCOCCOCCOCCOCCOCCOCCOCCOCCOCCOCCOCCOCCO,5.508638306
CCCCCCCCCCCCCCOCC(COCCCCCCCCCCCCCC)(COCCC[N+](C)(C)C)COCCC[N+](C)(C)C.[I-].[I-],5.500312917
CCCCCCCCCCCCCCCCCCN(C)C(=O)[C@H](O)[C@@H](O)[C@H](O[C@@H]1O[C@H](C)[C@H](O)[C@H](O)[C@H]1O)[C@H](O)CO,5.48148606
CCCCCCCCCCCCCCCCCCNC(=O)C(O)C(O)C(OC1OC(CO)C(O)C(O)C1O)C(O)CO,5.48148606
CCCCCCCCCCCCCCCOOCCOCCOCCOCCOCCOCCOCCOCC,5.456056058
CCCCCCCCCCCCCCC(O)OCCOCCOCCOCCOCCOCCOCCOCC,5.455931956
CCCCCCCCCCCCCCCOCCOCCOCCOCCOCCOCCOCCOCCO,5.455931956
CCCCCCCCCCCCN(CCCNC(=O)C(O)C(O)C(O)C(O)CO)CCN(CCCCCCCCCCCC)CCCNC(=O)C(O)C(O)C(O)C(O)CO,5.420216403
CCCCCCCCCCCCNCC(=O)NCOCC(CO)OCC(O)COCCCCCCCCCCCCNCC(=O)NCOCC(CO)OCC(O)COCC,5.419987887
CCCCCCCCCCCCCCCC[N+](CCC)(CCC)CCCC[N+](CCC)(CCC)CCCCCCCCCCCCCCCC.[Br-].[Br-],5.408935393
CCCCCCCCCCCCCCCCOCCOCCOCCOCCOCCOCCOCCOCCOCCOCCOCCOCCOCCOCCOCCOCCOCCOCCOCCOCCOCCO,5.408935393
CCCCCCCCCCCCOCCOCCOCCOCCO,5.397940009
CCCCCCCCCCCC(=O)NC1CCOC1=O,5.397940009
CCCCCCCCCCCCCCCC[N+](C)(C)CC(=O)OCCOC(=O)C[N+](C)(C)CCCCCCCCCCCCCCCC.[Cl-].[Cl-],5.37161107
CCCCCCCCCCCCCCCCCC[N+](C)(C)CCOP(=O)([O-])OCCCCCCCC,5.3188
CCCCCCCCCCCCCCCC[N+](C)(C)CCOP(=O)([O-])OCCCCCCCCCC,5.301
CCCCCCCCCCCCCCCC(=O)NCCC[N+](C)(C)CCOC1OC(CO)C(O)C(O)C1O.[Cl-],5.300162274
CCCCCCCCCCCCCCCCCCC(O)[C@H]1O[C@H](O[C@]2(CO)O[C@H](CO)[C@@H](O)[C@@H]2O)[C@H](O)[C@@H](O)[C@@H]1O,5.292004254
CCCCCCCCCCCCN(CCCNC(=O)C(O)C(O)C(O)C(O)C(O)CO)CCN(CCCCCCCCCCCC)CCCNC(=O)C(O)C(O)C(O)C(O)C(O)CO,5.283996656
CCCCCCCCCCCCNCC(=O)NCOCC(O)C(O)C(O)COCCCCCCCCCCCCNCC(=O)NCOCC(O)C(O)C(O)COCC,5.283996656
CCCCCCCCCCCCCCCCCC(=O)NCCC[N+](C)(C)CCOC1OC(CO)C(O)C(O)C1O.[Cl-],5.279840697
CCCCCCCCCCCCCC[N+](C)(C)CCOP(=O)([O-])OCCCCCCCCCC,5.2757
CCCCCCCCCCCCCCOP(=O)([O-])OCC[N+](C)(C)CCCCCCCCCC,5.2596
CCCCCCCCCCCCCCCCCC(=O)NC(O)[C@H]1O[C@@H](O[C@@H]([C@H](O)[C@@H](O)CO)[C@H](O)CO)[C@H](O)[C@@H](O)[C@H]1O,5.250263684
CCCCCCCCCCCCCCOCC(CCC[N+](C)(C)C)(CCC[N+](C)(C)C)COCCCCCCCCCCCCCC.[I-].[I-],5.22184875
CCCCCCCCCCCCCCCC[N+](C)(C)CC(O)COc1ccc(OCC(O)C[N+](C)(C)CCCCCCCCCCCCCCCC)cc1.[Cl-].[Cl-],5.22184875
CCCCCCCCCCCCCC[N+](C)(C)CCOP(=O)([O-])OCCCCCCCC,5.2147
CCCCCCCCCCCCCCCC[N+](C)(C)CC(=O)OCCN(CCOC(=O)C[N+](C)(C)CCCCCCCCCC)CCOC(=O)C[N+](C)(C)CCCCCCCCCC.[Br-].[Br-].[Br-],5.207608311
CCCCCCC(CCCCCCCOC[C@H]1OC(O)[C@@H](O)[C@@H](O)[C@@H]1O)C(CC)SCCC,5.200659451
CCCCCCCCCCCCCC[N+](C)(C)CCN(CC[N+](C)(C)CCCCCCCCCCCCCC)CC[N+](C)(C)CCCCCCCCCCCCCC.[Br-].[Br-].[Br-],5.189095719
CCCCCCCCCCCCCCCC[N+](C)(C)CCOCC[N+](C)(C)CCCCCCCCCCCCCCCC.[Br-].[Br-],5.180456064
CCCCCCCCCCCCCCCCOCCOCCOCCOCCOCCOCCOCCOCCOCCOCCOCCOCCOCCOCCOCCOCCOCCOCCOCCOCCO,5.15490196
CCCCCCCCCCCCCCOP(=O)([O-])OCC[N+](C)(C)CCCCCCCCCCCC,5.1549
CCCCCCCCCCCCCCCCOCOC[C@H]1O[C@@H](O[C@@H]([C@H](O)[C@@H](O)CO)[C@H](O)CO)[C@H](O)[C@@H](O)[C@H]1O,5.119987162
CCCCCCCCCCCCCCOP(=O)([O-])OCC[N+](C)(C)CCCCCCCC,5.0969
CCCCCCCCCCCCCCOOCCOCCOCCOCCOCCOCCOCCOCC,5.045998832
CCCCCCCCCCCCCCOOCCOCCOCCOCCOCCOCCOCCOCCOCC,5.045998832
CCCCCCCCCCCCOP(=O)([O-])OCC[N+](C)(C)CCCCCCCCCCCC,5.0458
CCCCCCCCCCCCCCCCOc1ccc(NC(=O)C[N+](C)(C)CCCC[N+](C)(C)CC(=O)Nc2ccc(OCCCCCCCCCCCCCCCC)cc2)cc1.[Br-].[Br-],5.045757491
CCCCCCCCCCCCCC(O)OCCOCCOCCOCCOCCOCCOCCOCC,5.045757491
CCCCCCCCCCCCCCOCCOCCOCCOCCOCCOCCOCCOCCO,5.045757491
CCCCCCCCCCCCCCCCN(C)C(=O)[C@H](O)[C@@H](O)[C@H](O[C@@H]1O[C@H](C)[C@H](O)[C@H](O)[C@H]1O)[C@H](O)CO,5.031517051
CCCCCCCCCCCCCCCCNC(=O)C(O)C(O)C(OC1OC(CO)C(O)C(O)C1O)C(O)CO,5.031517051
CCCCCCCCCCCCCCCCOCOC[C@H]1O[C@@H](O[C@H]2[C@H](O)[C@@H](O)[C@H](O)O[C@@H]2CO)[C@H](O)[C@@H](O)[C@H]1O,5.019996628
CCCCCCCCCCCCCCCC[N+](C)(C)CCSCC[N+](C)(C)CCCCCCCCCCCCCCCC.[Br-].[Br-],5.0132
CCCCCCCCCCCCCCOCC(O)C[N+](C)(C)CCCC[N+](C)(C)CC(O)COCCCCCCCCCCCCCC.[Br-].[Br-],5
CCCCCCCCCCCCCC(O)OCCOCCOCCOCCOCCOCC,5
CCCCCCCCC=CCCCCCCCC(=O)OCCOCC(OCCO)C1OC(OCCO)CC1OCCO,5
CCCCCCCCCCCCCCOCCOCCOCCOCCOCCOCCO,5
CCCCCCCCCCCCCCOOCCOCCOCCOCCOCCOCC,5
CCCCCCCCCCCCOc1ccc(NC(=O)C[N+](C)(C)CCCCCC[N+](C)(C)CC(=O)Nc2ccc(OCCCCCCCCCCCC)cc2)cc1.[Br-].[Br-],4.982966661
CCCCCCCCCCCCCCCCCC[N+]1(CC#CC[N+]2(CCCCCCCCCCCCCCCCCC)CCCC2)CCCC1.[Br-].[Br-],4.978810701
CCCCCCCCCCOc1ccc(NC(=O)C[N+](C)(C)CCCCCC[N+](C)(C)CC(=O)Nc2ccc(OCCCCCCCCCC)cc2)cc1.[Br-].[Br-],4.962573502
CCCOCCOCCOC(=O)C(N)CCC(F)(F)C(F)(F)C(F)(F)C(F)(F)C(F)(F)C(F)(F)C(F)(F)C(F)(F)F,4.959002308
CCCCCCCCCCCCCCOc1ccc(NC(=O)C[N+](C)(C)CCCC[N+](C)(C)CC(=O)Nc2ccc(OCCCCCCCCCCCCCC)cc2)cc1.[Br-].[Br-],4.928117993
COCCOCCOCCCOCCOCCOCCNC(=O)CC(F)(F)C(F)(F)C(F)(F)C(F)(F)C(F)(F)C(F)(F)C(F)(F)C(F)(F)F,4.921180817
CCCCCCCCCc1ccc(OCC(C)OCC(C)OCC(C)OCC(C)OCC(C)OCC(C)OCC(C)OCC(C)OCC(C)OCC(C)OCC(C)OCC(C)OS(=O)[O-])cc1.[Na+],4.920818754
CCCCCCCCCCCCCCCC[N+](C)(C)CCCCNC[N+](C)(C)CCCCCCCCCCCCCCCC.[Br-].[Br-],4.9208
CCCCCCCCCCCCCCCCC(OC(=O)CC)S(=O)(=O)[O-].[Na+],4.898940645
CCCCCCCCCCCC[N+](C)(C)CCOP(=O)([O-])OCCCCCCCCCC,4.8861
CCCCCCCCCCOP(=O)([O-])OCC[N+](C)(C)CCCCCCCCCC,4.8861
CCCCCCCCCCCCOCC(C)OCC(C)OCC(C)OCC(C)OCC(C)OCC(C)OCC(C)OCC(C)OCC(C)OCC(C)OCC(C)OCC(C)OCC(C)OCC(C)OS(=O)(=O)[O-].[Na+],4.886056648
CCCCCCCCCCCCCCC(O)O,4.886056648
CCCCCCCCCCCCCC(O)CO,4.886056648
CCCCCCCCCCCC[N+](C)(C)CCOP(=O)([O-])OCCCCCCCC,4.8539
CCCCCCCCCCCCCCCC[N+](C)(C)CCN(C)CC[N+](C)(C)CCCCCCCCCCCCCCCC.[Br-].[Br-],4.853871964
CCCCCCCCCCCCCCCCOc1ccc(NC(=O)C[N+](C)(C)CC[N+](C)(C)CC(=O)Nc2ccc(OCCCCCCCCCCCCCCCC)cc2)cc1.[Br-].[Br-],4.853871964
CCCCCCCCCCCCOc1ccc(NC(=O)C[N+](C)(C)CCCC[N+](C)(C)CC(=O)Nc2ccc(OCCCCCCCCCCCC)cc2)cc1.[Br-].[Br-],4.847711656
CCCCCCCCCCCCCCCC[N+](C)(C)CCC[N+](C)(C)CCCCCCCCCCCCCCCC.[Cl-].[Cl-],4.823908741
CCCCCCCCCCCCCC[n+]1cccc(NC(=O)Nc2ccc[n+](CCCCCCCCCCCCCC)c2)c1.[Br-].[Br-],4.809668302
CCCCCCCCCc1ccc(OCC(C)OCC(C)OCC(C)OCC(C)OCC(C)OCC(C)OCC(C)OCC(C)OCC(C)OS(=O)[O-])cc1.[Na+],4.795880017
CCCCCCCCCCCCCCc1ccc(C[C@H](Nc2ccc(S(=O)(=O)[O-])cc2)C(=O)O)cc1.[Na+],4.795880017
CCOCCOCCOCCOCCOCCOCCOCCOCCOCCOCCOCCOCCOCCOCCOCCSCC[Si](O[Si](C)(C)c1cc[c]cc1)(O[Si](C)(C)c1cc[c]cc1)O[Si](C)(C)c1cc[c]cc1,4.787812396
CCCCCCCCCCCC(CCS(=O)(=O)[O-])N(C)C.[Na+],4.787013815
CCCCCCCCCCCCCCCCCC[N+]1(CC#CC[N+]2(CCCCCCCCCCCCCCCCCC)CCCCC2)CCCCC1.[Br-].[Br-],4.779891912
CCCCCCCCCCCCCCCC(=O)NC(O)[C@H]1O[C@@H](O[C@@H]([C@H](O)[C@@H](O)CO)[C@H](O)CO)[C@H](O)[C@@H](O)[C@H]1O,4.756961951
CCCCCCCCCCCC(=O)OCCC[N+](C)(C)CC(O)CN(CCCCCCCC)CC(O)C[N+](C)(C)CCCOC(=O)CCCCCCCCCCC.[Cl-].[Cl-],4.749579998
CCCCCCCCCCCCOP(=O)([O-])OCC[N+](C)(C)CCCCCCCC,4.7447
CCCCCCCCCCCCCCCC[N+](C)(C)CC(O)C[N+](C)(C)CCCCCCCCCCCCCCCC.[Cl-].[Cl-],4.721246399
CCCCCCCCCCCCCCCC[N+](C)(C)CCCCCCCCCCCC[N+](C)(C)CCCCCCCCCCCCCCCC.[Br-].[Br-],4.699
CCCCCCCCCCCCOCC(O)Cn1cc[n+](CCC[n+]2ccn(CC(O)COCCCCCCCCCCCC)c2)c1.[Br-].[Br-],4.698970004
CCCCCCCCCCCCCCC(CSCCCCSCC(CCCCCCCCCCCCCC)[n+]1ccn(C)c1)[n+]1ccn(C)c1.[Br-].[Br-],4.698970004
CCCCCCCCCCCCCCCCCCOCCOCCOCCOCCOCCOCCOCCOCCOCCOCCOCCOCCOCCOCCOCCOCCOCCOCCOCCOCCOCCOCCOCCOCCOCCOCCOCCOCCOCCOCCOCCOCCOCCOCCOCCOCCOCCOCCOCCOCCOCCOCCOCCOCCOCCOCCOCCOCCOCCOCCOCCOCCOCCOCCOCCOCCOCCOCCOCCOCCOCCOCCOCCOCCOCCOCCOCCOCCOCCOCCOCCOCCOCCOCCOCCOCCOCCOCCOCCOCCOCCOCCOCCOCCOCCOCCOCCOCCOCCOCCOCCOCCOCCOCCOCCOCCOCCOCCOCCOCCO,4.698970004
CCCCCCCCCCCCCCCC[N+](C)(C)CC(=O)[O-],4.698970004
CCCCCCCCCCOc1ccc(NC(=O)C[N+](C)(C)CCCC[N+](C)(C)CC(=O)Nc2ccc(OCCCCCCCCCC)cc2)cc1.[Br-].[Br-],4.684029655
CCCCCCCCCCCCCCOc1ccc(NC(=O)C[N+](C)(C)CC[N+](C)(C)CC(=O)Nc2ccc(OCCCCCCCCCCCCCC)cc2)cc1.[Br-].[Br-],4.681936665
CCCCCCCCCCCCCCC(CSCCCSCC(CCCCCCCCCCCCCC)[n+]1ccn(C)c1)[n+]1ccn(C)c1.[Br-].[Br-],4.677987561
CCCCCCCCCCCCCCCC[N+](C)(C)CC[N+](C)(C)CCCCCCCCCCCCCCCC.[Br-].[Br-],4.6778
CCCCCCCCCCCCOCC(COCCCCCCCCCCCC)(COCCC[N+](C)(C)C)COCCC[N+](C)(C)C.[I-].[I-],4.659555885
CCCCCCCCCCCCCCC(CSCCSCC(CCCCCCCCCCCCCC)[n+]1ccn(C)c1)[n+]1ccn(C)c1.[Br-].[Br-],4.657972312
CCCCCCCCCCCCOCC(O)Cn1cc[n+](CC[n+]2ccn(CC(O)COCCCCCCCCCCCC)c2)c1.[Br-].[Br-],4.657577319
CCCCCCCCCCCCCCCCCC(=O)OCCC(CO)COC(CO)COC(CO)COC(CO)CO,4.649945906
CCCCCCCCCCCC(=O)OCCOCC(OCCO)C1OCC(OCCO)C1OCCO,4.638272164
CCCCCCCCCCCCOOCC,4.638083381
CCCOCCOC(=O)C(N)CCC(F)(F)C(F)(F)C(F)(F)C(F)(F)C(F)(F)C(F)(F)C(F)(F)C(F)(F)F,4.619969752
CCCCCCCCCCCCCCN(C)C(=O)[C@H](O)[C@@H](O)[C@H](O)[C@H](O)CO,4.619788758
CCCCCCCCCCCCCCCC[N+](C)(C)CCC[N+](C)(C)CCCCCCCCCCCCCCCC.[Br-].[Br-],4.6021
CCCCCCCCCCCCCCOc1ccc(NC(=O)C[N+](C)(C)CCCCCC[N+](C)(C)CC(=O)Nc2ccc(OCCCCCCCCCCCCCC)cc2)cc1.[Br-].[Br-],4.602059991
OCCOCCOCCSCCC(F)(F)C(F)(F)C(F)(F)C(F)(F)C(F)(F)C(F)(F)F,4.602059991
CCCCCCCCCCCCCCOc1ccc[n+](CC(O)C[n+]2cccc(OCCCCCCCCCCCCCC)c2)c1,4.585026652
OCCOCCSCCOCCSCCOCCSCCC(F)(F)C(F)(F)C(F)(F)C(F)(F)C(F)(F)C(F)(F)F,4.585026652
CCCCCCCCCCCCCCCCCOCOOCCOCCOCCCCCC,4.578067187
CCCCCCCCCCCCCCCCC(OC(=O)CCC)S(=O)(=O)[O-].[Na+],4.568958055
CCCCCCCCCCCCCCOc1ccc[n+](CC(O)C[n+]2cccc(OCCCCCCCCCCCCCC)c2)c1.[Br-].[Br-],4.568958055
CCCCCCCCCCCCCOOCCOCCOCCOCCOCCOCCOCCOCC,4.568958055
CCCCCCCCCCCCCOCCOCCOCCOCCOCCOCCOCCOCCO,4.568636236
CCCCCCCCCCCCCCCC[N+](C)(C)CCCC[N+](C)(C)CCCCCCCCCCCCCCCC.[Br-].[Br-],4.5686
CCCCCCCCCCCCCCCC[N+](C)(C)CCCCCCCCCC[N+](C)(C)CCCCCCCCCCCCCCCC.[Br-].[Br-],4.5686
CCCCCCCCCCCCCCCC=CC(=O)OC(CO)COC(CO)COC(CO)COC(CO)COC(CO)COC(CO)CO,4.56193255
CCCCCCCCCCCCCCCCCC(=O)OCCC(CO)COC(CO)COC(CO)COC(CO)COC(CO)COC(CO)CO,4.552997102
OCCOCCOCCOCCSCCC(F)(F)C(F)(F)C(F)(F)C(F)(F)C(F)(F)C(F)(F)F,4.552997102
CCCCCCCCCCCCOCC(CCC[N+](C)(C)C)(CCC[N+](C)(C)C)COCCCCCCCCCCCC.[I-].[I-],4.55129368
CCCCCCCCCC(=O)OCCC[N+](C)(C)CC(O)CN(CCCCCCCC)CC(O)C[N+](C)(C)CCCOC(=O)CCCCCCCCC.[Cl-].[Cl-],4.549750892
CCCCCCCCCCCC(=O)OCCC(CO)COC(CO)COC(CO)COC(CO)COC(CO)COC(CO)COC(CO)COC(CO)COC(CO)COC(CO)CO,4.548981548
CCCCCCCCCCCCCCCCOc1ccc(NC(=O)C[N+](C)(C)CCCCCC[N+](C)(C)CC(=O)Nc2ccc(OCCCCCCCCCCCCCCCC)cc2)cc1.[Br-].[Br-],4.540607512
CCCCCCCCCCCCCCCC[N+]1(CCCC[N+]2(CCCCCCCCCCCCCCCC)CCCC2)CCCC1.[Br-].[Br-],4.538051505
CCCCCCCCCCCCCCC(CSCCSCC(CCCCCCCCCCCCCC)[n+]1ccccc1)[n+]1ccccc1.[Br-].[Br-],4.523023534
CCCCCCCCCc1ccc(OCC(C)OCC(C)OCC(C)OCC(C)OCC(C)OCC(C)OS(=O)[O-])cc1.[Na+],4.522878745
C=CC(=O)OC(C[N+](C)(C)CCCCCCCCCCCCCCCC)C[N+](C)(C)CCCCCCCCCCCCCCCC.[Br-].[Br-],4.508638306
CCCCCCCCCCCC[N+]1(CCCCCCCCCCCCCCCC[N+]2(CCCCCCCCCCCC)CCCC2)CCCC1.[Br-].[Br-],4.49498576
CCCCCCCCCCCCCCCC=CC(=O)OC(CO)COC(CO)COC(CO)COC(CO)CO,4.48399377
CCCCCCCCCCCCCCCC[N+](C)(C)CCCCCCCC[N+](C)(C)CCCCCCCCCCCCCCCC.[Br-].[Br-],4.4815
CCCCCCCCCCCCCCCCCCOCCOCCOCCCCCOCCOCCOCCOCCOCCOCCOCCOCCO,4.48148606
CCCCCCCCCCCC(O)OCCOCC,4.48148606
CCCCCCCCCCSC(O)[C@H]1OC(=O)[C@@H](O)[C@@H]1O,4.48148606
CCCCCCCCCCCCOOCCOCC,4.480959961
CCCCCCCCCCCCOCC(CC[N+](C)(C)C)(CC[N+](C)(C)C)COCCCCCCCCCCCC.[I-].[I-],4.469800302
CCCCCCCCCCCCCCOc1ccc[n+](CC[n+]2cccc(OCCCCCCCCCCCCCC)c2)c1.[Br-].[Br-],4.469032318
OCCOCCSCCOCCSCCOCCSCCOCCSCCC(F)(F)C(F)(F)C(F)(F)C(F)(F)C(F)(F)C(F)(F)F,4.469032318
CCCCCCCCCCCCCC(CCS(=O)(=O)[O-])OCCCC.[Na+],4.458046526
CCCCCCCCCCCC(=O)OCCC(CO)COC(CO)COC(CO)COC(CO)COC(CO)COC(CO)CO,4.445995679
CCCCCCCCCCCCCCCCC(=O)OCC[n+]1ccc(CCCc2cc[n+](CCOC(=O)CCCCCCCCCCCCCCCC)cc2)cc1.[Br-].[Br-],4.444059562
CCCCCCCCCCCCOC(=O)C[n+]1ccc(CCCc2cc[n+](CC(=O)OCCCCCCCCCCCC)cc2)cc1.[Br-].[Br-],4.444059562
CCCCCCCCCCCCOCC(C)OCC(C)OCC(C)OCC(C)OCC(C)OCC(C)OCC(C)OCC(C)OCC(C)OCC(C)OCC(C)OCC(C)OCC(C)OCC(C)OCC(=O)[O-].[Na+],4.443697499
CCCCCCCCCCCCCCN(C)C(=O)[C@H](O)[C@@H](O)[C@H](O[C@@H]1O[C@H](C)[C@H](O)[C@H](O)[C@H]1O)[C@H](O)CO,4.443697499
CCCCCCCCCCCCCCCCCC[N+](C)(C)Cc1cccc(OC)c1.[Cl-],4.442492798
CCCCCCCCCCCCOCOOCCOCCOCCCCCC,4.439973751
CCCCCCCCCCCCCCNC(=O)C(O)C(O)C(OC1OC(O)C(O)C(O)C1O)C(O)CO,4.438898616
OCCOCCOCCOCCOCCOCCSCCC(F)(F)C(F)(F)C(F)(F)C(F)(F)C(F)(F)C(F)(F)F,4.432033093
CCCCCCCCCCCC(=O)OCCC(CO)COC(CO)COC(CO)COC(CO)CO,4.401975928
CCCCCCCCCCCCCCCCCCOCCOCCOCCOCCOS(=O)(=O)[O-].[Na+],4.397940009
CCCCCCCCCCOc1ccc(NC(=O)C[N+](C)(C)CC[N+](C)(C)CC(=O)Nc2ccc(OCCCCCCCCCC)cc2)cc1.[Br-].[Br-],4.390405591
CCCCCCCCCCCCCCCC(=O)OCC(COC(=O)CCCCCCCCCCCCCCC)(C[n+]1ccn(C)c1)C[n+]1ccn(C)c1.[Br-].[Br-],4.376957566
CCCCCCCCCCCCCCC[N+](C)(C)CCN(C)CC[N+](C)(C)CCCCCCCCCCCCCCC.[Br-].[Br-],4.37675071
CCCCCCCC/C=C\CCCCCCCCO[C@@H]1O[C@H](CO)[C@@H](O[C@H]2O[C@H](CO)[C@@H](O[C@H]3O[C@H](CO)[C@@H](O)[C@H](O)[C@H]3O)[C@H](O)[C@H]2O)[C@H](O)[C@H]1O,4.37675071
CCCCCCCCCCCCCCCC[N+](C)(C)CCCCCC[N+](C)(C)CCCCCCCCCCCCCCCC.[Br-].[Br-],4.3665
CCCCCCCCCCCCCCC[N+](C)(C)CCCCNC[N+](C)(C)CCCCCCCCCCCCCCC.[Br-].[Br-],4.3665
CCCCCCCCCCCCCCCC[N+]1(CC#CC[N+]2(CCCCCCCCCCCCCCCC)CCCC2)CCCC1.[Br-].[Br-],4.357041121
CCCCCCCCCCCC(=O)OCCC[N+](C)(C)CC(O)CN(CCCCCC)CC(O)C[N+](C)(C)CCCOC(=O)CCCCCCCCCCC.[Cl-].[Cl-],4.349692477
CCCCCCCCCCCCCCCC(=O)NCCC[N+](C)(C)Cc1ccccc1.[Cl-],4.346787486
CCCCCCCCCCCCCCCC[N+]1(Cc2ccc(-c3ccc(C[N+]4(CCCCCCCCCCCCCCCC)CCOCC4)cc3)cc2)CCOCC1.[Cl-].[Cl-],4.341035157
CCCCCCCCCCCCCCCCNC(=O)C[N+](C)(C)CCNC(=O)COc1ccccc1.[Cl-],4.336299075
CCCCCCCCCCCCCCCC[N+](C)(C)CC(=O)NCCNC(=O)C[N+](C)(C)CCCCCCCCCCCCCCCC.[Cl-].[Cl-],4.321299565
COCCOCCOCCOCCOCCOCCOCCCSCCC[Si](C)(O[Si](C)(C)C)O[Si](C)(C)C,4.319664487
OCCOCCOCCOCCOCCOCCOCCOCCSCCC(F)(F)C(F)(F)C(F)(F)C(F)(F)C(F)(F)C(F)(F)F,4.319030282
CCCCCCCCCCCCCCCCCC[N+](C)(C)CC(O)COCC(C)(COCC(O)C[N+](C)(C)CCCCCCCCCCCCCCCCCC)COCC(O)C[N+](C)(C)CCCCCCCCCCCCCCCCCC.[Cl-].[Cl-].[Cl-],4.30980392
CCCCCCCCCCCCC(O)OCCOCCOCCOCCOCC,4.30980392
CCCCCCCCCCCCCOCCOCCOCCOCCOCCO,4.30980392
CCCCCCCCc1ccccc1OOCC,4.304956341
CCCCCCCCCCCCCCCC[N+](C)(C)CC(O)C(O)C[N+](C)(C)CCCCCCCCCCCCCCCC.[Br-].[Br-],4.301029996
CCCCCCCCCCCCO[C@H]1O[C@H](CO)[C@@H](O)[C@H](O)[C@@H]1O,4.301029996
CCCCCCCCCCCCCCCC[N+](C)(C)CC(O)CC(O)[N+](C)(C)CCCCCCCCCCCCCCCC.[Br-].[Br-],4.301
CCCCCCCCCCCCCC[N+](C)(C)CC(=O)OCCN(CCOC(=O)C[N+](C)(C)CCCCCCCCCC)CCOC(=O)C[N+](C)(C)CCCCCCCCCC.[Br-].[Br-].[Br-],4.294136288
CCCCCCCCCCCCCCCC[N+]1(Cc2ccc(C[N+]3(CCCCCCCCCCCCCCCC)CCOCC3)cc2)CCOCC1.[Cl-].[Cl-],4.292429824
CCCCCCCCCCCCCCOc1ccc[n+](CCC[n+]2cccc(OCCCCCCCCCCCCCC)c2)c1.[Br-].[Br-],4.283996656
CCCCCCCCCCCC(O)OCCOCCOCC,4.283996656
CCCCCCCCCCCCOCCOCCOCCO,4.283996656
CCCCCCCCCCCCOOCCOCCOCC,4.283996656
COCCOCCOCCOCCOCCOCCOCCOCCCSCCC[Si](C)(O[Si](C)(C)C)O[Si](C)(C)C,4.280668713
CCCCCCCCCCCCOCC(C)OCC(C)OCC(C)OCC(C)OCC(C)OCC(C)OCC(C)OCC(C)OCC(C)OCC(C)OS(=O)(=O)[O-].[Na+],4.27572413
CCCCCCCCCCCCCCCCOCC(O)Cn1cc[n+](CCC)c1.[Br-],4.27572413
CCCCCCCCCCCCCCCCCC[N+](C)(C)Cc1ccccc1.[Cl-],4.27572413
CCCCCCCCCCCCOCC(COCCCCCCCCCCCC)(COCC[N+](C)(C)C)COCC[N+](C)(C)C.[I-].[I-],4.273272791
CCCCCCCCCCCCCCCCC(=O)OCC[n+]1ccc(CCCc2cc[n+](CCOC(=O)CCCCCCCCCCCCCCCC)cc2)cc1.[Cl-].[Cl-],4.260032303
CCCCCCCCCCCCOOCCOCCOCCOCCOCCOCCOCCOCCOCCOCCOCCOCCOCCOCC,4.260032303
CCCCCCCCCCCCCCCC[N+](C)(C)CC(=O)OCCCOC(=O)C[N+](C)(C)CCCCCCCCCCCCCCCC.[Cl-].[Cl-],4.251811973
CCCCCCCCCCCCCCCCC(=O)NCCC[N+](C)(C)CC(O)C[N+](C)(C)CCCNC(=O)CCCCCCCCCCCCCCCC.[Cl-].[Cl-],4.250263684
CCCCCCCCCCCCCC[N+](C)(C)CCOCC[N+](C)(C)CCCCCCCCCCCCCC.[Br-].[Br-],4.236572006
CCCCCCCCCc1ccc(OCC(C)OCC(C)OCC(C)OS(=O)[O-])cc1.[Na+],4.229147988
CCCCCCCCCCCC(=O)OCC(C)[N+](C)(C)CC(O)CN(CCCCCC)CC(O)C[N+](C)(C)C(C)COC(=O)CCCCCCCCCCC.[Cl-].[Cl-],4.227971835
CCCCCCCCCC(=O)OCCC[N+](C)(C)CC(O)CN(CCCCCC)CC(O)C[N+](C)(C)CCCOC(=O)CCCCCCCCC.[Cl-].[Cl-],4.22475374
CCCCCCCCCCCCCCCC[N+]1(CC#CC[N+]2(CCCCCCCCCCCCCCCC)CCCCC2)CCCCC1.[Br-].[Br-],4.224025669
CCCCCCCCCCCCOCCOCCOCCOCCOCCOCCOCCOCCOCCOCCOCCOCCOCCOCCOCCOCCOCCOCCOCCOCCOCCOCCOCCO,4.22184875
CCCCCCCCCCCCCCCC[N+](C)(C)CCCNC(=O)c1ccc(C(=O)NCCC[N+](C)(C)CCCCCCCCCCCCCCCC)cc1.[Br-].[Br-],4.214670165
CCCCCCCCCCCC(=O)OCC(C)[N+](C)(C)CC(O)CN(CCCCC)CC(O)C[N+](C)(C)C(C)COC(=O)CCCCCCCCCCC.[Cl-].[Cl-],4.201971207
CCCCCCCCCCCCc1ccc(C[C@H](Nc2ccc(S(=O)(=O)[O-])cc2)C(=O)O)cc1.[Na+],4.201004266
CCCCCCCCCCCCOOCCOCCOCCOCC,4.194023649
CCCCCCCCCCCCOOCCOCCOCCOCCOCC,4.194023649
CCCCCCCCCCCC(O)OCCOCCOCCOCC,4.193820026
CCCCCCCCCCCC(O)OCCOCCOCCOCCOCC,4.193820026
CCCCCCCCCCCCOCCOCCOCCOCCOCCO,4.193820026
CCCC[Si](O)C[Si](C)(CCCSCCCOCCOCCOCCOCCOCCOCCOCCOCCOCCOCCOCCOCCOCCOCCOCCOCCOCCOCCOCCOCCOCCOCCOCCOCCOCCOCCOCCOC(C)COC(C)COC(C)COC(C)COC(C)COC(C)CO)C[Si](O)CCCC,4.189767482
CCCCCCCCCCCC[N+](C)(C)CC[N+](C)(CCCCCCCCCCCC)CC[N+](C)(C)CCCCCCCCCCCC.[Br-].[Br-].[Br-],4.187086643
CCCCCCCCCCCC[N+]1(CCCCCCCCCCCCCC[N+]2(CCCCCCCCCCCC)CCCC2)CCCC1.[Br-].[Br-],4.179995693
CCC[Si](O)C[Si](CCC)(CCCSCCCOCCOCCOCCOCCOCCOCCOCCOCCOCCOCCOCCOCCOCCOCCOCCOCCOCCOCCOCCOCCOCCOCCOCCOCCOCCOCCOCCOC(C)COC(C)COC(C)COC(C)COC(C)COC(C)CO)C[Si](O)CCC,4.179798541
CCCCCCCCCCCCCCCC[N+](C)(C)CCCNCCC[N+](C)(C)CCCCCCCCCCCCCCCC.[Br-].[Br-],4.173990022
CCCCCCCCNCC(=O)NCOCC(CO)OCC(O)COCCCCCCCCNCC(=O)NCOCC(CO)OCC(O)COCC,4.173990022
CCCCCCCCCCCCCCCCOCC(O)Cn1cc[n+](CCC)c1.[Cl-],4.173925197
CCCCCCCCN(CCCNC(=O)C(O)C(O)C(O)C(O)CO)CCN(CCCCCCCC)CCCNC(=O)C(O)C(O)C(O)C(O)CO,4.173925197
CCCCCCCCCCCCCC(=O)NC(O)[C@H]1O[C@@H](O[C@@H]([C@H](O)[C@@H](O)CO)[C@H](O)CO)[C@H](O)[C@@H](O)[C@H]1O,4.170053304
CCCCCCCC(F)(OS(=O)(=O)[O-])C(F)(F)C(F)(F)C(F)(F)F.[Na+],4.155026062
CCCCCCCCCCCCCCCCCCOCCOCCOS(=O)(=O)[O-].[Na+],4.15490196
CCCCCCCCCCCC[N+](C)(C)CCCCCCCCCCCC.[Br-],4.15490196
CCOCCOCCOCCOCCOCCOCCOCCOCCOCCOCCOCCOCCOCCOCCOCCSCC[Si](O[Si](C)(C)C)(O[Si](C)(C)C)O[Si](C)(C)C,4.15490196
CC[Si](O)C[Si](CC)(CCCSCCCOCCOCCOCCOCCOCCOCCOCCOCCOCCOCCOCCOCCOCCOCCOCCOCCOCCOCCOCCOCCOCCOCCOCCOCCOCCOCCOCCOC(C)COC(C)COC(C)COC(C)COC(C)COC(C)CO)C[Si](O)CC,4.149966742
CCCCCCCCCCCCCCOCC(O)Cn1cc[n+](CCC[n+]2ccn(CC(O)COCCCCCCCCCCCCCC)c2)c1.[Br-].[Br-],4.148986393
CCCCCCCCCCCCC(CSCCCCSCC(CCCCCCCCCCCC)[n+]1ccn(C)c1)[n+]1ccn(C)c1.[Br-].[Br-],4.148986393
CCC[Si](O)C[Si](C)(CCCSCCCOCCOCCOCCOCCOCCOCCOCCOCCOCCOCCOCCOCCOCCOCCOCCOCCOCCOCCOCCOCCOCCOCCOCCOCCOCCOCCOCCOC(C)COC(C)COC(C)COC(C)COC(C)COC(C)CO)C[Si](O)CCC,4.140261434
CCCCCCCCCc1ccccc1CCOCCOCCOCCOCCOCCOCCO,4.124938737
CCCCCCCCc1ccccc1OOCCOCCOCCOCCOCCOCCOCCOCCOCCOCCOCCOCCOCCOCCOCCOCCOCCOCCOCCOCCOCCOCCOCCOCCOCCOCCOCCOCCOCCOCCOCCOCCOCCOCCOCCOCCOCCOCCOCCOCC,4.11901501
CCCCCCCCc1ccccc1OOCCOCC,4.115998075
CCCCCCCCC=CCCCCCCCC(=O)NCCC[N+](C)(C)CCCCCC[N+](C)(C)CCCNC(=O)CCCCCCCC=CCCCCCCCC.[Br-].[Br-],4.113509275
COCCOCCOCCOCCOCCOCCOCCOCCOCCCSCCC[Si](O[Si]C(C)C)(O[Si](C)(C)C)O[Si](C)(C)C,4.110138279
CCCCCCCCCCCCCCCCC(OC(C)=O)S(=O)(=O)[O-].[Na+],4.106016433
CCCCCCCCCC(=O)OCC(C)[N+](C)(C)CC(O)CN(CCCCCCCC)CC(O)C[N+](C)(C)C(C)COC(=O)CCCCCCCCC.[Cl-].[Cl-],4.106016433
CCCCCCCCCCCCCCCC[N+](CCCCC[N+](CCCCCCCCCCCCCCCC)(CC(C)O)CC(C)O)(CC(C)O)CC(C)O.[Br-].[Br-],4.102372909
CC(C)(C)[Si]O[Si](CCCOCCOCCOCCOCC=O)(O[Si]C(C)(C)C)C(C)(C)C,4.102372909
CCCCCCCCCCCCCCC(CCCCCCCCCCCCCC)OS(=O)(=O)[O-].[Na+],4.100015437
COCCOCCOCCCC(F)(F)C(F)(F)C(F)(F)C(F)(F)C(F)(F)C(F)(F)F,4.0970186
CCCCCCCCCCCCNC(=O)CC[N+](C)(C)CCC(=O)NCCCCCCCCCCCC.[Br-],4.096910013
CC[Si](O)C[Si](C)(CCCSCCCOCCOCCOCCOCCOCCOCCOCCOCCOCCOCCOCCOCCOCCOCCOCCOCCOCCOCCOCCOCCOCCOCCOCCOCCOCCOCCOCCOC(C)COC(C)COC(C)COC(C)COC(C)COC(C)CO)C[Si](O)CC,4.090443971
CCCCCCCCCCCC(O)OCCOCCOCCOCCOCCOCCOCC,4.086186148
CCCCCCCCCCCCOCCOCCOCCOCCOCCOCCOCCO,4.086186148
CCCCCCCCCCCCOOCCOCCOCCOCCOCCOCCOCC,4.085974348
CCCC=NCCC[N+](C)(C)CCCCCCCCCCCCCCCC.[Br-],4.075204004
CCCCCCCCCCCCC(CSCCCSCC(CCCCCCCCCCCC)[n+]1ccn(C)c1)[n+]1ccn(C)c1.[Br-].[Br-],4.070990015
CCCCCCCCCCCCCC[N+](C)(C)CC(O)C(O)C[N+](C)(C)CCCCCCCCCCCCCC.[Br-].[Br-],4.070990015
CCCCCCCCCCCCCC[N+](C)(C)CC(O)CC(O)[N+](C)(C)CCCCCCCCCCCCCC.[Br-].[Br-],4.0706
CCCCCCCCC(CCCCCC)COCCOCCOCCOCCOCCOS(=O)(=O)[O-].[Na+],4.065501549
CCCCCCCCCCCCCCCC[N+](C)(C)CCCNC(=O)CCCCCCCCCCCCC.[Br-],4.065501549
CCCCCCCCCCCC(O)OCCOCCOCCOCCOCCOCC,4.060480747
CCCCCCCCCCCCOCCOCCOCCOCCOCCOCCO,4.060480747
CCCCCCCCCCCCOOCCOCCOCCOCCOCCOCC,4.059981845
CCCOCCOCCOC(=O)C(N)CCC(F)(F)C(F)(F)C(F)(F)C(F)(F)C(F)(F)C(F)(F)F,4.045998832
CCCCCCCCCCCCCC[N+](C)(C)CC(=O)OCc1ccc(COC(=O)C[N+](C)(C)CCCCCCCCCCCCCC)cc1.[Cl-].[Cl-],4.045757491
CCCCCCCCCCCCCCCC[N+](CCCCC[N+](CCCCCCCCCCCCCCCC)CC(C)O)CC(C)O.[Br-].[Br-],4.045757491
CCCCCCCC/C=C\CCCCCCCCON(CC)C1OC(CO)C(OC2OC(CO)C(O)C(O)C2O)C(O)C1O,4.045757491
CC(CO)OCC(C)OCC(C)OCC(C)OCC(C)OCC(C)OCCOCCOCCOCCOCCOCCOCCOCCOCCOCCOCCOCCOCCOCCOCCOCCOCCOCCOCCOCCOCCOCCOCCOCCOCCOCCOCCOCCCSCCC[Si](C)(C[Si](C)O)C[Si](C)(O)C[Si](C)O,4.030118356
CCCCCCCCCCCCCCCCCC[n+]1cccc(COC(=O)CC(O)(CC(=O)OCc2ccc[n+](CCCCCCCCCCCCCCCCCC)c2)C(=O)OCc2ccc[n+](CCCCCCCCCCCCCCCCCC)c2)c1.[Br-].[Br-].[Br-],4.022276395
CCCCCCCCc1ccc(OCCOCCOCC)cc1,4.013228266
CCCCCCCCCC(=O)CC(=O)NC1CCOC1=O,4.013228266
CCCCCCCCc1ccccc1OOCCOCCOCC,4.01300446
CCCCCCCCCCCCCCCCOCCOCCOCCOCCOS(=O)(=O)[O-].[Na+],4
CCCCCCCCCCCCCCCCOCCOCCOCCOS(=O)(=O)[O-].[Na+],4
CCCCCCCCCCCCCCC(OC(=O)CCC)S(=O)(=O)[O-].[Na+],4
CCCCCCCCCCCCCCCCOC(=O)C[n+]1cccc2ccc(CN3CCOCC3)c(O)c21.[Br-],4
CCCCCCCCCCNC(=O)CC[N+](C)(C)CCC(=O)NCCCCCCCCCC.[Br-],4
CCCCCCCCCCCCCC[N+](C)(C)CC(=O)Oc1ccc(OC(=O)C[N+](C)(C)CCCCCCCCCCCCCC)cc1.[Cl-].[Cl-],4
CCCCCCCCCCCCCC[N+](C)(C)CCSCC[N+](C)(C)CCCCCCCCCCCCCC.[Br-].[Br-],4
CCCCCCCCCCCCCC[N+](C)(C)CC(O)COc1ccc(OCC(O)C[N+](C)(C)CCCCCCCCCCCCCC)cc1.[Cl-].[Cl-],4
CCCCCCCCCCCCC(CSCCSCC(CCCCCCCCCCCC)[n+]1ccccc1)[n+]1ccccc1.[Br-].[Br-],4
CCCCCCCCCCCCC(CSCCSCC(CCCCCCCCCCCC)[n+]1ccn(C)c1)[n+]1ccn(C)c1.[Br-].[Br-],4
CC(C)(C)[Si]O[Si](CCCOCCOCCOCCOCCOCCOCCOCCOCC=O)(O[Si]C(C)(C)C)C(C)(C)C,4
CCCCCCCCCCCC(O)OCCOCCOCCOCCOCCOCCOCCOCCOCC,4
CC(C)(C)CC(C)(C)c1ccc(OCCOCCOCCOCCOCCO)cc1,4
CCCCCCCCCCCCOOCCOCCOCCOCCOCCOCCOCCOCC,4
CCCCCCCCCCCCOOCCOCCOCCOCCOCCOCCOCCOCCOCC,4
CCCCCCCCCCOP(=O)([O-])OCC[N+](C)(C)CCCCCCCC,4
CCCCCCCCCCCCOCC(C)OCC(C)OCC(C)OCC(C)OCC(C)OCC(C)OCC(C)OCC(C)OCC(C)OCC(C)OCC(=O)[O-].[Na+],3.991399828
CCCCCCCCC=CCCCCCCCC(=O)NCCC[N+](C)(C)CCCC[N+](C)(C)CCCNC(=O)CCCCCCCC=CCCCCCCCC.[Br-].[Br-],3.978810701
CCCCCCCCCCCCCC(=O)NCCC[N+](C)(C)Cc1ccccc1.[Cl-],3.966576245
CCCCCCCCCCCCCCC(OC(=O)CC)S(=O)(=O)[O-].[Na+],3.964170175
CCCCCCCCCCCC(O)OCCOCCOCCOCCOCCOCCOCCOCC,3.962573502
CCCCCCCCCCCCOCCOCCOCCOCCOCCOCCOCCOCCO,3.962573502
CCCCCCCCc1ccccc1OOCCOCCOCCOCCOCCOCCOCCOCCOCCOCCOCCOCCOCCOCCOCCOCCOCCOCCOCCOCCOCCOCCOCCOCCOCCOCCOCCOCCOCCOCC,3.959002308
CCCCCCCCCCCCCCCCCCOCCOS(=O)(=O)[O-].[Na+],3.958607315
CCCCCCCCCCCCCCCCCCOS(=O)(=O)[O-].[Na+],3.958607315
CCCCCCCCCCCCCC[N+](C)(C)CCC[N+](C)(C)CCCCCCCCCCCCCC.[Cl-].[Cl-],3.958607315
CCCCCCCCCC[N+](C)(C)CCOP(=O)([O-])OCCCCCCCC,3.9586
CCCCCCCCCCCCCC[N+](C)(C)CC(=O)OCCOC(=O)C[N+](C)(C)CCCCCCCCCCCCCC.[Cl-].[Cl-],3.950394387
CCCCCCCCCCCCCC[N+](CCC)(CCC)CCCC[N+](CCC)(CCC)CCCCCCCCCCCCCC.[Br-].[Br-],3.935542011
CCCCCCCCCC(CCS(=O)(=O)[O-])OCCCCCCCC.[Na+],3.92190585
CCCCCCCCCCCCCC(=O)OCC(COC(=O)CCCCCCCCCCCCC)(C[n+]1ccn(C)c1)C[n+]1ccn(C)c1.[Br-].[Br-],3.921180817
CCCCCCCCCCCCCCn1cc[n+](CCCC[n+]2ccn(CCCCCCCCCCCCCC)c2)c1.[Br-].[Br-],3.921180817
CCCCCCCCCCCCCCCC(O)NC(O)(OS(=O)(=O)[O-])[C@H]1OC(O)[C@H](O)[C@@H](O)[C@@H]1O.[Na+],3.920818754
CCCCCCCCCCCCCC[N+](C)(C)CCN(C)CC[N+](C)(C)CCCCCCCCCCCCCC.[Br-].[Br-],3.920818754
CCCCCCCCCCCCCC[N+](C)(C)CCCCNC[N+](C)(C)CCCCCCCCCCCCCC.[Br-].[Br-],3.9208
CCCCCCCCCCCC[N+](C)(C)CCCCCCCCCCCCCCCC[N+](C)(C)CCCCCCCCCCCC.[Br-].[Br-],3.9208
CCCCCCCCCCCCCCOC(=O)C[n+]1ccc(CCCc2cc[n+](CC(=O)OCCCCCCCCCCCCCC)cc2)cc1.[Br-].[Br-],3.916855857
CC(CO)OCC(C)OCC(C)OCC(C)OCC(C)OCC(C)OCCOCCOCCOCCOCCOCCOCCOCCOCCOCCOCCOCCOCCOCCOCCOCCOCCOCCOCCOCCOCCOCCOCCOCCOCCOCCOCCOCCCSCCC[Si](C)(C[Si](C)O)C[Si](C)O,3.903089987
CCCCCCCCCCCCCCC[N+]1(CCC#CCC[N+]2(CCCCCCCCCCCCCCC)CCCC2)CCCC1.[Br-].[Br-],3.8861
CCCCCCCCCCCCCC(=O)NCCC[N+](C)(C)Cc1ccc(C[N+](C)(C)CCCNC(=O)CCCCCCCCCCCCC)cc1.[Cl-].[Cl-],3.886056648
CCCCCCCCCCCCCC[N+]1(CC#CC[N+]2(CCCCCCCCCCCCCC)CCCC2)CCCC1.[Br-].[Br-],3.886056648
CCCCCCCCCCCCCC[N+]1(CCCC[N+]2(CCCCCCCCCCCCCC)CCCC2)CCCC1.[Br-].[Br-],3.886056648
CCCCCCCCc1ccc(OCCOCC)cc1,3.886056648
CCCCCCCCc1ccc(OCCOCCOCCOCC)cc1,3.886056648
CCCCCCCCc1ccccc1OOCCOCCOCCOCC,3.886056648
CCCCCCCCCCCCCC[N+](C)(C)CCCC[N+](C)(C)CCCCCCCCCCCCCC.[Br-].[Br-],3.8697
COCCOCCOCCOCCOCCOCCOCCOCCOCCCSCCC[Si](C)(O[Si](C)(C)C)O[Si](C)(C)C,3.869666232
CCCCCCCCCCCC[N+](C)(C)CCN(CC[N+](C)(C)CCCCCCCCCCCC)CC[N+](C)(C)CCCCCCCCCCCC.[Br-].[Br-].[Br-],3.8569852
CCCCCCCCCCCCCCC(=O)OCC[n+]1ccc(CCCc2cc[n+](CCOC(=O)CCCCCCCCCCCCCC)cc2)cc1.[Br-].[Br-],3.8569852
CCCCCCCCCCCCCCCCOCCOCCOS(=O)(=O)[O-].[Na+],3.853871964
CCCCCCCC[N+](C)(C)C.[Br-],3.853871964
CCCCCCCCCCCCOc1ccc[n+](CC(O)C[n+]2cccc(OCCCCCCCCCCCC)c2)c1,3.853871964
CCCCCCCCCCCCCC[N+](C)(C)CC(O)C[N+](C)(C)CCCCCCCCCCCCCC.[Cl-].[Cl-],3.853871964
CCCCCCCCCCCC(O)OCCOCCOCCOCCOCCOCCOCCOCCOCCOCCOCCOCC,3.853871964
CCCCCCCCCCCCCCCCOCOC[C@H]1OC(O)[C@H](O)[C@@H](O)[C@@H]1O,3.853871964
CCCCCCCCCCCCOOCCOCCOCCOCCOCCOCCOCCOCCOCCOCCOCCOCC,3.853871964
CCCCCCCCCCCCN(C)C(=O)[C@H](O)[C@@H](O)[C@H](O)[C@H](O)CO,3.853871964
CCCCCCCCCCCCN(C)C(=O)COCOCOCO,3.835647144
CCCCCCCCCCCCOCC(C)OCC(C)OCC(C)OCC(C)OCC(C)OCC(C)OS(=O)(=O)[O-].[Na+],3.829738285
CCCCCCCCCCCCC(=O)NCCC[N+](C)(C)CC(O)C[N+](C)(C)CCCNC(=O)CCCCCCCCCCCC.[Cl-].[Cl-],3.829738285
CCCCCCCCCCCCCCOCC(O)Cn1cc[n+](CCC)c1.[Br-],3.826813732
CCCCCCCCCCCCOC(=O)CC[N+](C)(C)CCC(=O)OCCCCCCCCCCCC.[Br-],3.823908741
CCCCCCCCCCCC(=O)OCCC[N+](C)(C)CC(O)CN(CCCCC)CC(O)C[N+](C)(C)CCCOC(=O)CCCCCCCCCCC.[Cl-].[Cl-],3.823908741
CCCCCCCCCCCCOc1ccc[n+](CC(O)C[n+]2cccc(OCCCCCCCCCCCC)c2)c1.[Br-].[Br-],3.823908741
CCCCCCCCc1ccc(OCCOCCOCCOCCOCC)cc1,3.823908741
CCCCCCCCc1ccccc1OOCCOCCOCCOCCOCC,3.823908741
CCCCCCCCCCCCCC[N+](C)(C)CC[N+](C)(C)CCCCCCCCCCCCCC.[Br-].[Br-],3.8224635
CCCCCCCCCCCCOCC(O)C[N+](C)(C)CC(O)COCCCCCCCCCCCC.COS(=O)(=O)[O-],3.818156412
CCCCCCCC=CCCCCCCCCC(=O)NCCC[N+](C)(C)CC=CC[N+](C)(C)CCCNC(=O)CCCCCCCC=CCCCCCCCC.[Br-].[Br-],3.801342913
CCCCCCCCCCCCCC[N+](C)(C)CCCCCC[N+](C)(C)CCCCCCCCCCCCCC.[Br-].[Br-],3.8013
CCCCCCCCCCCCCC[N+](C)(C)CC(=O)NCCNC(=O)C[N+](C)(C)CCCCCCCCCCCCCC.[Cl-].[Cl-],3.796151536
CCCCCC(F)(OS(=O)(=O)[O-])C(F)(F)C(F)(F)C(F)(F)F.[Na+],3.795880017
CCCCCCCCCCCCCCCCCCOC(=O)C[n+]1cccc2ccc(CN3CCOCC3)c(O)c21.[Br-],3.795880017
CCCCCCCCCCCCCC[N+]1(C)CC[N+](C)(CCCCCCCCCCCCCC)CC1.[Br-].[Br-],3.795880017
CCCCCCCCCCCCNC(=O)C[N+](C)(C)CCCCCCCCCCCC[N+](C)(C)CC(=O)NCCCCCCCCCCCC.[Cl-].[Cl-],3.795880017
OCCN(CCO)CCC(F)(F)C(F)(F)C(F)(F)C(F)(F)C(F)(F)C(F)(F)C(F)(F)C(F)(F)F,3.795880017
CCCCCCCCCCOCC(COCCCCCCCCCC)(COCCC[N+](C)(C)C)COCCC[N+](C)(C)C.[I-].[I-],3.779891912
CCCCCCCCCCCC[n+]1cccc(NC(=O)Nc2ccc[n+](CCCCCCCCCCCC)c2)c1.[Br-].[Br-],3.777283529
CCCCCCCCCCCCCCOCC(O)Cn1cc[n+](CCC)c1.[Cl-],3.772113295
CCCCCCCCCCCCOCC(C)OCC(C)OCC(C)OCC(C)OCC(C)OCC(C)OCCOCCOS(=O)(=O)[O-].[Na+],3.769551079
CCCCCCCCCCCCOC1CC(O)C(OC2OC(CO)C(O)C(O)C2O)C(CO)O1,3.769551079
CCCCCCCCCCCCCC[N+]1(Cc2ccc(C[N+]3(CCCCCCCCCCCCCC)CCOCC3)cc2)CCOCC1.[Cl-].[Cl-],3.76700389
CCCCCCCCCCCCCCC(=O)OCC[n+]1ccc(CCCc2cc[n+](CCOC(=O)CCCCCCCCCCCCCC)cc2)cc1.[Cl-].[Cl-],3.756961951
CCCCCCCCCCCCCCCCC=CS(=O)(=O)[O-].[Na+],3.744968837
CCCCCCCCCCCCOc1ccc[n+](CC[n+]2cccc(OCCCCCCCCCCCC)c2)c1.[Br-].[Br-],3.744968837
CCCCCCCCCCC(O)CO,3.744968837
CCCCCCCCCCCCCCCCOCCOCC[N+]1CCCCC1.[Cl-],3.744727495
CCOCCOCCOCCOCCOCCOCCOCCOCCOCCOCCOCCOCCOCCOCCOCCSCC[Si](C)(O[Si](C)(C)C)O[Si](C)(C)C,3.744727495
CCCCCCCCCCCCCC[N+](C)(C)CCCCC[N+](C)(C)CCCCCCCCCCCCCC.[Br-].[Br-],3.7447
CCCCCCCCCCCCOC(O)C(O)C(O)C(O)C(O)C(O)C(O)C(O)C(O)CO,3.739928612
CCCCCCCCCCCCC(=O)OCC[n+]1ccc(CCCc2cc[n+](CCOC(=O)CCCCCCCCCCCC)cc2)cc1.[Br-].[Br-],3.72399801
CCCCCCCCCCCCCCCC[N+](C)(C)NC(=O)CCC(=O)N1CCCCC1.[I-],3.721246399
CCCCCCCCCCCCOCC(O)C[N+](C)(C)CCCC[N+](C)(C)CC(O)COCCCCCCCCCCCC.[Br-].[Br-],3.721246399
CCCCCCCCCCCCOc1ccc[n+](CCCCCC[n+]2cccc(OCCCCCCCCCCCC)c2)c1.[Br-].[Br-],3.721246399
CCCCCCCCCCCCCC[N+](CC)(CC)CC(=O)NCCNC(=O)C[N+](CC)(CC)CCCCCCCCCCCCCC.[Cl-].[Cl-],3.721246399
CCCCCCCCCCCCOC1OC(CO)C(O)C(O)C1O,3.721246399
CCCCCCCCCCCCCC[N+](C)(C)CCCCO[N+](C)(C)CCCCCCCCCCCCCC.[Br-].[Br-],3.7212
CCCCCCCCCCCCOc1ccc[n+](CCC[n+]2cccc(OCCCCCCCCCCCC)c2)c1.[Br-].[Br-],3.721017883
CCCCCCCCCCCCC(O)[C@H]1OC(O)[C@H](O)[C@@H](O)[C@@H]1O,3.721017883
CCCCCCCCCCCC[N+](C)(C)CCCCCCCCCCCCCC[N+](C)(C)CCCCCCCCCCCC.[Br-].[Br-],3.699
CCCCCCCCCCCCCCCCCC(=O)Oc1cccc2ccc[n+](CCCCCCCCCC[n+]3cccc4cccc(OC(=O)CCCCCCCCCCCCCCCCC)c43)c12.[Br-].[Br-],3.698970004
CCCCCCCCCCCCCCCCCCOCOC[C@H]1OC(O)[C@H](O)[C@@H](O)[C@@H]1O,3.698970004
CCCCCCCCCCCCO[C@@H]1O[C@H](CO)[C@H](O)[C@H](O)[C@H]1O,3.698970004
CCCCCCCCCCCCCCNC(=O)C[N+](C)(C)CCNC(=O)COc1ccccc1.[Cl-],3.68613278
CCCCCCCCCCCCCC[N+]1(CC#CC[N+]2(CCCCCCCCCCCCCC)CCCCC2)CCCCC1.[Br-].[Br-],3.684029655
CCCCCCCCCCOCC(COCCCCCCCCCC)(C[N+](C)(C)C)C[N+](C)(C)C.[I-].[I-],3.681936665
CCCCCCCCOc1ccc(NC(=O)C[N+](C)(C)CCCC[N+](C)(C)CC(=O)Nc2ccc(OCCCCCCCC)cc2)cc1.[Br-].[Br-],3.681936665
CCCCCCCCCCCC[n+]1cccc(COC(=O)CC(O)(CC(=O)OCc2ccc[n+](CCCCCCCCCCCC)c2)C(=O)OCc2ccc[n+](CCCCCCCCCCCC)c2)c1.[Br-].[Br-].[Br-],3.679853714
CCCCCCCCc1ccccc1OOCCOCCOCCOCCOCCOCC,3.677987561
CCCCCCCCc1ccc(OCCOCCOCCOCCOCCOCC)cc1,3.677780705
CCCCCCCCCCCCCC(=O)NCCC[N+](C)(C)CCCCCCCCCCCC.[Br-],3.66756154
CCCCCCCCCCCCCC[N+](C)(C)CCCNC(=O)c1ccc(C(=O)NCCC[N+](C)(C)CCCCCCCCCCCCCC)cc1.[Br-].[Br-],3.661543506
CCCCCCCCCCCC[N+](C)(C)C(=O)NCCCCCCCCCCCCNC(=O)[N+](C)(C)CCCCCCCCCCCC.[Cl-].[Cl-],3.657972312
CCCCCCCCCCCCCCCCOCCOS(=O)(=O)[O-].[Na+],3.657577319
CCCCCCCCCCCCCC[N+](CCO)(CC(C)O)CC(C)O.[Br-],3.657577319
CCCCCCCCCCCCCC[N+](C)(C)CC(=O)[O-],3.657577319
CCCCCCCCCCCCCCCCn1cc[n+](COCCCCCCOC[n+]2ccn(CCCCCCCCCCCCCCCC)c2)c1.[Cl-].[Cl-],3.65
CCCCCCCCCCCCCC[N+](CCO)(CCO)CC(C)O.[Br-],3.643974143
CCCCCCCCCCCC(CCS(=O)(=O)[O-])Oc1cc(Cl)c(Cl)cc1Cl.[Na+],3.640923774
CCCCCCCCCCCCCCCC[N+](C)(C)CCN=Cc1ccc(OC)c(OC)c1.[Br-],3.638272164
CCCCCCCCCCCCCCCCOCCOCC[N+](C)(C)C.[Br-],3.638272164
CCCCCCCCCCCCCCCC[N+](C)(C)C.Cc1ccc(S(=O)(=O)[O-])cc1,3.638272164
CCCCCCCCCCCCOCOC[C@H]1OC(O)[C@H](O)[C@@H](O)[C@@H]1O,3.638083381
CCCCCCCCCCCCCCCCCS(=O)(=O)[O-].[Na+],3.635073966
CCCCCCCCCCCCOCC(O)C[N+](C)(C)CC(O)C[N+](C)(C)CC(O)COCCCCCCCCCCCC.[Cl-].[Cl-],3.634512015
CCCCCCCCCCCCCCOCC(O)Cn1cc[n+](CC[n+]2ccn(CC(O)COCCCCCCCCCCCCCC)c2)c1.[Br-].[Br-],3.630784143
CCCCCCCCCCCC(=O)N(C)CC(=O)O,3.630784143
CCCCCCCCCCCCC(O)[C@H]1O[C@H](O[C@H]2[C@H](O)[C@@H](O)C(O)O[C@@H]2CO)[C@H](O)[C@@H](O)[C@@H]1O,3.619969752
CCCCCCCCCCCCCCCCCC[N+]1CCCCC1.[Cl-],3.619788758
C=CC(=O)OC(C[N+](C)(C)CCCCCCCCCCCCCC)C[N+](C)(C)CCCCCCCCCCCCCC.[Br-].[Br-],3.619788758
CCCCCCCCCCCCCC[N+](C)(C)CC(O)COCCOCC(O)C[N+](C)(C)CCCCCCCCCCCCCC.[Br-].[Br-],3.614393726
CCCCCCCCCCCC(O)NCCOCCOCCOCCO,3.611011215
CCCCCCCCCCCCCCCCn1cc[n+](COCCCCCOC[n+]2ccn(CCCCCCCCCCCCCCCC)c2)c1.[Cl-].[Cl-],3.61
CCCCCCCCCCCCCCCCCCOCCOCCOCCOCCOCCOS(=O)(=O)[O-].[Na+],3.602059991
CCCCCCCCCCCCCCCC[N+](C)(C)Cc1ccccc1CO.[Cl-],3.602059991
CCCCCCCCCCCCCCCCCCOC(=O)C[n+]1cccc2ccc(CN3CCCCC3)c(O)c21.[Br-],3.602059991
CCCCCCCCCCCCOC(=O)C[n+]1cccc2ccc(CN3CCOCC3)c(O)c21.[Br-],3.602059991
CCCCCCCCCCCCOC(=O)C[N+](C)(C)C(=O)NCCCCCCNC(=O)[N+](C)(C)CC(=O)OCCCCCCCCCCCC.[Cl-].[Cl-],3.602059991
CCCCCCCCc1ccc(OCCOCCOCCOCCOCCOCCOCC)cc1,3.602059991
CCCCCCCCc1ccccc1OOCCOCCOCCOCCOCCOCCOCC,3.602059991
CCCCCCCCCCCCN(C)C(=O)[C@H](O)[C@@H](O)[C@H](O[C@@H]1O[C@H](C)[C@H](O)[C@H](O)[C@H]1O)[C@H](O)CO,3.602059991
CCCCCCCCCCO[C@H]1O[C@H](CO)[C@@H](O)[C@H](O)[C@@H]1O,3.602059991
CCCCCCCCOc1ccc(NC(=O)C[N+](C)(C)CC[N+](C)(C)CC(=O)Nc2ccc(OCCCCCCCC)cc2)cc1.[Br-].[Br-],3.600326279
CCCCCCCCCCCC[N+](C)(C)CC(O)CN(CCCCCCCC)CC(O)C[N+](C)(C)CCCCCCCCCCCC.[Cl-].[Cl-],3.598944274
CCCCCCCCCCOCC(COCCCCCCCCCC)(COCC[N+](C)(C)C)COCC[N+](C)(C)C.[I-].[I-],3.595166283
CCCCCCCCCCCC(=O)NCCC[N+](C)(C)CC=CC[N+](C)(C)CCCNC(=O)CCCCCCCCCC.[Br-].[Br-],3.591760035
CCCCCCCCCCCC(=O)OCC(COC(=O)CCCCCCCCCCC)(C[n+]1ccn(C)c1)C[n+]1ccn(C)c1.[Br-].[Br-],3.587035728
CCCCCCCCC(CCCCCCCC)OS(=O)(=O)[O-].[Na+],3.585026652
CCCCCCCCCC(O)NCCOCCO,3.585026652
CCCCCCCCCCCCCCCCn1cc[n+](COCCCCOC[n+]2ccn(CCCCCCCCCCCCCCCC)c2)c1.[Cl-].[Cl-],3.58
CCCCCCCCCCCC(=O)N(CCO)CCO,3.578396073
CCCCCCCCCCC(=O)N(CCO)CCO,3.578396073
CCCCCCCCCCCCCC(C)c1ccc(S(=O)(=O)[O-])cc1.[Na+],3.576918042
CCCCCCCCCCCCCC[N+](CCCCCC[N+](CCCCCCCCCCCCCC)(CC(C)O)CC(C)O)(CC(C)O)CC(C)O.[Br-].[Br-],3.576754126
CCCCCCCCCCOCC(CC[N+](C)(C)C)(CC[N+](C)(C)C)COCCCCCCCCCC.[I-].[I-],3.576754126
CCCCCCCCCCCCCC[N+](C)(C)CC(=O)OCCCOC(=O)C[N+](C)(C)CCCCCCCCCCCCCC.[Cl-].[Cl-],3.570409198
CCCCCCCCCCCCCCCCOCC(O)C[n+]1ccn(C)c1.[Br-],3.568636236
CCCCCCCCc1ccccc1OOCCOCCOCCOCCOCCOCCOCCOCC,3.552997102
CCCCCCCCCCCCCC[N+](C)(C)NC(=O)CCC(=O)N1CCCCC1.[I-],3.552841969
CCCCCCCCc1ccc(OCCOCCOCCOCCOCCOCCOCCOCC)cc1,3.552841969
CCCCCCCCCCCCCCCCn1cc[n+](COCCCOC[n+]2ccn(CCCCCCCCCCCCCCCC)c2)c1.[Cl-].[Cl-],3.55
CCCCCCCCCC(=O)OCCC[N+](C)(C)CC(O)CN(CCCCC)CC(O)C[N+](C)(C)CCCOC(=O)CCCCCCCCC.[Cl-].[Cl-],3.549750892
CCCCCCCCCCCCOCC(C)OCC(C)OCC(C)OCC(C)OCC(C)OCC(C)OCC(=O)[O-].[Na+],3.542118103
CCCCCCCCCCCCCCCCOCC[N+]1CCCCC1.[Cl-],3.537602002
CCCCCCCCCCCCCNCC(=O)OCCOCCOCCOCCO,3.532984182
CCCCCCCCCCCOC1[CH][C@H](O)[C@@H](O)C(O)O1,3.523023534
CCCCCCCCCCCOOCCOCCOCCOCCOCCOCCOCCOCC,3.523023534
CCCCCCCCc1ccccc1OOCCOCCOCCOCCOCCOCCOCCOCCOCC,3.523023534
COCCOCCOCCCC(F)(F)C(F)(F)C(F)(F)C(F)(F)C(F)(F)C(F)F,3.523023534
CCCCCCCCCCC(O)OCCOCCOCCOCCOCCOCCOCCOCC,3.522878745
CCCCCCCCc1ccccc1CCOCCOCCOCCOCCOCCOCCO,3.522878745
CC(C)(C)CC(C)(C)c1ccc(OCCOCCOCCOCCOCCOCCOCCOCCOCCO)cc1,3.522878745
CCCCCCCCCCCCCCCCn1cc[n+](COCCOC[n+]2ccn(CCCCCCCCCCCCCCCC)c2)c1.[Cl-].[Cl-],3.52
CCCCCCCCCCCCCCC(OC(C)=O)S(=O)(=O)[O-].[Na+],3.509058795
CCCCCCCCCCC(CSCCCCSCC(CCCCCCCCCC)[n+]1ccn(C)c1)[n+]1ccn(C)c1.[Br-].[Br-],3.509058795
CCCCCCCCCCCCCCCCOC(=O)C[N+]1(C)CCCC1.[Br-],3.508638306
CCCCCCCCCCCCCCCC[N+](C)(C)Cc1cccc(OC)c1.[Cl-],3.508638306
CCCCCCCCCCCCC[N+](C)(C)CCOCC[N+](C)(C)CCCCCCCCCCCCC.[Br-].[Br-],3.508638306
CCCCCCCCCCCCNC(=O)C(O)C(O)C(OC1OC(CO)C(O)C(O)C1O)C(O)CO,3.508638306
CCCCCCCCCCCCOCC(O)C[N+](C)(C)CC(O)C[N+](C)(C)CC(O)C[N+](C)(C)CC(O)COCCCCCCCCCCCC.COS(=O)(=O)[O-].[Cl-].[Cl-],3.504455662
CCCCCCCCCCCC[N+](C)(C)CC(O)CN(CCCCCC)CC(O)C[N+](C)(C)CCCCCCCCCCCC.[Cl-].[Cl-],3.501965276
CCCCCCCCCC(CCS(=O)(=O)[O-])OC(CC)CCCCC.[Na+],3.501000636
CCCCCCCCCCCCOC(=O)C[N+](C)(C)CCCCCC[N+](C)(C)CC(=O)OCCCCCCCCCCCC.[Cl-].[Cl-],3.49498576
CCCCCCCCCCCCCC[N+](C)(C)CCCS(=O)(=O)[O-],3.494850022
CCCCCCCCCCCCCC[N+](CCCCCC[N+](CCCCCCCCCCCCCC)CC(C)O)CC(C)O.[Br-].[Br-],3.485452247
C[SiH](O[SiH](C)O[SiH](C)O[Si](C)(CCCOCC1CO1)O[Si](C)(C)C)O[SiH](C)O[Si](C)(C)O[Si](C)(C)O[Si](C)(C)O[Si](C)(C)O[Si](C)(C)O[Si](C)(C)O[Si](C)(C)O[Si](C)(C)O[Si](C)(C)C,3.485452247
CCCCCCCCCCCCC[N+](C)(C)CCCCNC[N+](C)(C)CCCCCCCCCCCCC.[Br-].[Br-],3.4815
CCCCCCCCc1ccccc1CCOCCOCCOCCOCCOCCOCCOCCO,3.48148606
CC(C)(C)CC(C)(C)c1ccc(OCCOCCOCCOCCOCCOCCOCCOCCOCCOCCO)cc1,3.48148606
CCCCCCCCCCCCOCC1OC(OC2C(CO)OC(O)C(O)C2O)C(O)C(O)C1O,3.48148606
CCCCCCCCCC(CCCCCCCCC)OS(=O)(=O)[O-].[Na+],3.480959961
CCCCCCCCCCc1ccc(C[C@H](Nc2ccc(S(=O)(=O)[O-])cc2)C(=O)O)cc1.[Na+],3.480959961
CCCCCCCCc1ccccc1OOCCOCCOCCOCCOCCOCCOCCOCCOCCOCC,3.480959961
CCCCCCCCCCCCCC[N+](C)(C)CC(O)COCCOCCOCC(O)C[N+](C)(C)CCCCCCCCCCCCCC.[Br-].[Br-],3.477555766
CCCCCCCCCCCCC(NCCOCCOCCOCCO)C(=O)O,3.474048659
CCCCCCCCCCCCCCn1cc[n+](COCCCCCCOC[n+]2ccn(CCCCCCCCCCCCCC)c2)c1.[Cl-].[Cl-],3.47
CCCCCCCCCCCCNC(=O)C[N+](C)(C)CCCCCC[N+](C)(C)CC(=O)NCCCCCCCCCCCC.[Cl-].[Cl-],3.469032318
CCCCCCCCCCCCC(O)[C@H]1O[C@H](O[C@]2(CO)O[C@H](CO)[C@@H](O)[C@@H]2O)[C@H](O)[C@@H](O)[C@@H]1O,3.469032318
CCCCCCCCCCCCCCCCCC[N+](C)(C)C.[Cl-],3.468521083
CCCCCCCCCCCCCCOCC(O)C[n+]1ccn(C)c1.[Br-],3.455931956
CCCCCCCCCCCCCCCCCC[N+](C)(C)C.[Br-],3.455931956
CCCCCCCCCCCC[N+](CCCCCC[N+](CCCCCCCCCCCC)(CC(C)O)CC(C)O)(CC(C)O)CC(C)O.[Br-].[Br-],3.450996738
C[SiH](O[SiH](C)O[SiH](C)O[Si](C)(CCCOCC1CO1)O[Si](C)(C)C)O[SiH](C)O[Si](C)(C)O[Si](C)(C)O[Si](C)(C)O[Si](C)(C)O[Si](C)(C)C,3.448550002
CCCCCCCCCCCC(CCS(=O)(=O)[O-])COCCOCCO.[Na+],3.445026542
Cc1cccc(C(=O)N(C)CCCCCCCCCCCC=O)c1C,3.443697499
CCCCCCCCCCCC(=O)NCCC[N+](C)(C)CC=CC[N+](C)(C)CCCNC(=O)CCCCCCCCCC.[Cl-].[Cl-],3.442492798
CCCCCCCCCCCC[N+](C)(C)CCCCCCCCCCCC[N+](C)(C)CCCCCCCCCCCC.[Br-].[Br-],3.4318
CCCCCCCCCCCCCCCCOC(=O)C[N+]1(C)CCCC1.[Cl-],3.431798276
CCCCCCCCCCCCCCCC[N+](C)(C)NC(=O)CCC(=O)N1CCOCC1.[I-],3.431798276
CCCCCCCCCCCCCCn1cc[n+](COCCCCCOC[n+]2ccn(CCCCCCCCCCCCCC)c2)c1.[Cl-].[Cl-],3.43
CCCCCCCCCCCCCCCCCC(=O)OCCOCCOCCOCCOCCOCCOCCOCCO,3.428291168
CCCCCCCCCCCCCC(=O)OCC[N+](C)(CCO)CCCCCCCCCCCC[N+](C)(CCO)CCOC(=O)CCCCCCCCCCCCC.[Br-].[Br-],3.420216403
CCCCCCCCSC[C@@H](O)[C@@H](O)[C@@H](O)CO,3.420216403
CCCCCCCCCCCCC[N+](C)(C)CCCCO[N+](C)(C)CCCCCCCCCCCCC.[Br-].[Br-],3.4202
CCCCCCCCCCCCCCCC(O)CCS(=O)(=O)[O-].[Na+],3.419987887
CCCCCCCCCCCCC[C@H](NCCOCCOCCOCCO)C(=O)O,3.412962882
CCCCCCCCCCCCCCCC[N+](C)(C)CC(O)COCCOCCOCC(O)C[N+](C)(C)CCCCCCCCCCCCCCCC.[Br-].[Br-],3.410050399
CCCCCCCCCCCCCC(=O)OCC[N+](C)(CCO)CCCCCC[N+](C)(CCO)CCOC(=O)CCCCCCCCCCCCC.[Br-].[Br-],3.410050399
CCCCCCCCCCCCC(=O)OCC[n+]1ccc(CCCc2cc[n+](CCOC(=O)CCCCCCCCCCCC)cc2)cc1.[Cl-].[Cl-],3.408045445
CCCCCCCCCCCC[N+](C)(C)CC(O)CN(CCCCC)CC(O)C[N+](C)(C)CCCCCCCCCCCC.[Cl-].[Cl-],3.406049705
CCCCCCCCCCCCOCC(C)OCC(C)OCC(C)OCC(C)OCC(C)OCC(C)OCCOCCOCC(=O)[O-].[Na+],3.403402904
CCCCCCCCCCCCCCCCCC[N+](C)(C)CC(O)CN1CCN(CC(O)C[N+](C)(C)CCCCCCCCCCCCCCCCCC)CC1.[Cl-].[Cl-],3.401209493
CCCCCCCCCCCCOCC(O)Cn1cc[n+](CCC)c1.[Cl-],3.400116928
CCCCCCCCCCCCCCCC[N+](C)(C)CC(O)COCCOCCOCCOCC(O)C[N+](C)(C)CCCCCCCCCCCCCCCC.[Br-].[Br-],3.400116928
CCCCCCCCCCCCCCn1cc[n+](COCCCCOC[n+]2ccn(CCCCCCCCCCCCCC)c2)c1.[Cl-].[Cl-],3.4
CCCCCCCCCCCCC(OC(C)=O)S(=O)(=O)[O-].[Na+],3.398048596
CCCCCCCCCCC(CSCCSCC(CCCCCCCCCC)[n+]1ccn(C)c1)[n+]1ccn(C)c1.[Br-].[Br-],3.398048596
CCCCCCCCCCCC(O)NCCOCCO,3.398048596
CCCCCCCCCCCCCCCCOS(=O)(=O)[O-].[Na+],3.397940009
CCCCCCCCCCCC[N+](C)(C)NC(=O)CCC(=O)N1CCCCC1.[I-],3.397940009
CCCCCCCCCCCCCCCC[N+](C)(C)c1ccc(C=Nc2c(C)n(C)n(-c3ccccc3)c2=O)cc1.[Br-],3.397940009
CCCCCCCCCCSC[C@H](O)[C@H](O)[C@@H](O)CO,3.397940009
CCCCCCCCCCCCCCCC[N+](C)(C)CC(O)CN1CCN(CC(O)C[N+](C)(C)CCCCCCCCCCCCCCCC)CC1.[Cl-].[Cl-],3.394694954
CCCCCCCCCCCCC(C)c1ccc(S(=O)(=O)[O-])cc1.[Na+],3.389978975
CCCCCCCCCCCC[N+](C)(C)c1ccc(C=Nc2c(C)n(C)n(-c3ccccc3)c2=O)cc1.[Br-],3.389339837
CCCCCCCCCCCCC[N+](C)(C)CCN(C)CC[N+](C)(C)CCCCCCCCCCCCC.[Br-].[Br-],3.387216143
CCCCCCCCCCCCC[N+](C)(C)CCCCC[N+](C)(C)CCCCCCCCCCCCC.[Br-].[Br-],3.3872
CCCCCCCCCCCCC[C@H](Nc1ccc(S(=O)(=O)[O-])cc1)C(=O)O.[Na+],3.387004344
CCCCCCCCCCCCCCCCOCC(O)Cn1cc[n+](CCC[n+]2ccn(CC(O)COCCCCCCCCCCCCCCCC)c2)c1.[Br-].[Br-],3.386052523
C[SiH](O[SiH](C)O[SiH](C)O[Si](C)(CCCOCC1CO1)O[Si](C)(C)C)O[SiH](C)O[Si](C)(C)C,3.380906669
CCCCCCCCCc1ccccc1OOCCOCC,3.376957566
CCCCCCCCCCCCCC(=O)NCCC[N+](C)(C)CCCCCCCCCC.[Br-],3.373659633
CCCCCCCCCCCCOCOC[C@H]1O[C@@H](O[C@@H]([C@H](O)[C@@H](O)CO)[C@H](O)CO)[C@H](O)[C@@H](O)[C@H]1O,3.369979149
CCCCCCCCCCCCCCCCOCC(O)Cn1cc[n+](CC[n+]2ccn(CC(O)COCCCCCCCCCCCCCCCC)c2)c1.[Br-].[Br-],3.367542708
CCCCCCCC[N+](C)(C)c1ccc(C=Nc2c(C)n(C)n(-c3ccccc3)c2=O)cc1.[Br-],3.36552273
CC(C)(C)CC(C)(C)c1ccc(OCCOCCOCCOCCOCCOCCOCCOCCOCCOCCOCCOCCOCCOCCOCCOCCO)cc1,3.35753548
CCCCCCCCCCCCCCC(O)Cn1cc[n+](CCO)c1.[Br-],3.356547324
CCCCCCCCCCCC[N+](CCCCCC[N+](CCCCCCCCCCCC)CC(C)O)CC(C)O.[Br-].[Br-],3.353596274
CCCCCCCCCCCC(=O)OCCC[N+](C)(C)CC(O)CN(CCCC)CC(O)C[N+](C)(C)CCCOC(=O)CCCCCCCCCCC.[Cl-].[Cl-],3.349692477
CCCCCCCCCCCC(=O)NC(O)[C@H]1O[C@@H](O[C@@H]([C@H](O)[C@@H](O)CO)[C@H](O)CO)[C@H](O)[C@@H](O)[C@H]1O,3.349692477
CCCCCCCCCCCCCCCCC(C)OS(=O)(=O)[O-].[Na+],3.346980549
CCCCCCCCCCC(=O)OC(O)[C@H]1O[C@H](O[C@]2(CO)O[C@H](CO)[C@@H](O)[C@@H]2O)[C@H](O)[C@@H](O)[C@@H]1O,3.337242168
CCCCCCCCCCCC[N+](C)(C)CCN=Cc1ccc(OC)c(OC)c1.[Br-],3.329754147
CCCC(F)(OS(=O)(=O)[O-])C(F)(F)C(F)(F)C(F)(F)F.[Na+],3.327994555
CCCCCCCCCc1ccccc1OOCCOCCOCCOCCOCC,3.327994555
CCCCCCCCSC(O)[C@H]1OC(=O)[C@@H](O)[C@@H]1O,3.318758763
CCCCCCCCC(CCCCCCC)OS(=O)(=O)[O-].[Na+],3.309981219
CCCCCCCCCCCC(CCS(=O)(=O)[O-])N1CCCCC1.[Na+],3.309981219
CCCCCCCCCCCCOCC(C[N+](C)(C)CC(COCCCCCCCCCCCC)OCCOCCOCCO)OCCOCCO.COS(=O)(=O)[O-],3.308034897
CCCCCCCC(OS(=O)(=O)[O-])C(F)C(F)(F)C(F)(F)F.[Na+],3.301029996
CCCCCCCCCCC(=O)NCCOCCOCCOCCO,3.301029996
CCCCCCCCCCCCCONCCOCCOCCOCCO,3.301029996
CCCCCCCCCc1ccccc1OOCCOCCOCCOCCOCCOCCOCCOCCOCCOCCOCCOCC,3.301029996
CCCCCCCCCCCCCC[N+](C)(C)CC(O)COCCOCCOCCOCC(O)C[N+](C)(C)CCCCCCCCCCCCCC.[Br-].[Br-],3.299296283
CCCCCCCCCCCCCCCC[N+](C)(C)CCOC1OC(CO)C(O)C(O)C1O.[Br-],3.292429824
CCCCCCCCCCCC(O)NCCOCCOCCO,3.292004254
CCCCCCCCCCCCCON(C)CCOCCOCCOCCO,3.292004254
CCCCCCCCCCCCn1cc[n+](COCCCCCCOC[n+]2ccn(CCCCCCCCCCCC)c2)c1.[Cl-].[Cl-],3.29
CCCCCCCCCCCC[N+](C)(C)CCOCC[N+](C)(C)CCCCCCCCCCCC.[Br-].[Br-],3.283996656
CCCCCCCCCCCCn1cc[n+](CCC[n+]2ccn(CCCCCCCCCCCC)c2)c1.[Br-].[Br-],3.275970027
CCCCCCCCSC1OC(=O)[C@H](O)[C@@H](O)[C@@H]1O,3.27572413
CCCCCCCCCCCC[N+](C)(C)CCOC(=O)CCC(=O)OCC[N+](C)(C)CCCCCCCCCCCC.[Br-].[Br-],3.26760624
CCCCCCCCC(=O)NCCC[N+](C)(C)CC(O)C[N+](C)(C)CCCNC(=O)CCCCCCCC.[Cl-].[Cl-],3.266802735
CCCCCCCCCCCC[N+]1(Cc2ccc(-c3ccc(C[N+]4(CCCCCCCCCCCC)CCOCC4)cc3)cc2)CCOCC1.[Cl-].[Cl-],3.261219442
COCCOCCOCCCOCCOCCOCCNC(=O)CC(F)(F)C(F)(F)C(F)(F)C(F)(F)C(F)(F)C(F)(F)F,3.260032303
CCCCCCCCCCCCCCCCOC(=O)C[n+]1cccc(N=Cc2ccc(O)c(OC)c2)c1.[Br-],3.251811973
CCCCCCCCCC[N+](CCCCCC[N+](CCCCCCCCCC)(CC(C)O)CC(C)O)(CC(C)O)CC(C)O.[Br-].[Br-],3.251811973
CCCCCCCCCCCC[N+]1(CC(=O)OCCOC(=O)C[N+]2(CCCCCCCCCCCC)CCCCC2)CCCCC1.[Br-].[Br-],3.251811973
CCCCCCCCCCCC[N+](C)(C)CC(O)CN(CCCC)CC(O)C[N+](C)(C)CCCCCCCCCCCC.[Cl-].[Cl-],3.251037139
CCCCCCCCCCCC[N+](C)(C)CC(=O)OCc1ccc(COC(=O)C[N+](C)(C)CCCCCCCCCCCC)cc1.[Cl-].[Cl-],3.236572006
CCCCCCCCCCCCCC[N+](CCO)(CCO)CCO.[Br-],3.232102384
CCCCCCCCCCCCCCCCCC[N+](C)(C)CCCCCC[N+](C)(C)CCCCCC.[Br-].[Br-],3.2291
CCCCCCCCCC[N+](CCCCCC[N+](CCCCCCCCCC)CC(C)O)CC(C)O.[Br-].[Br-],3.222573178
CCCCCCCCCCCCCCCCCCCCCCCCCCCC[C@]1(C)C[C@@](C)(O)CC(=O)O1,3.221993539
CCCCCCCCCCCCCC[P+](c1ccccc1)(c1ccccc1)c1ccccc1,3.22184875
CCCCCCCCCCCC[N+](C)(C)CC(O)COc1ccc(OCC(O)C[N+](C)(C)CCCCCCCCCCCC)cc1.[Cl-].[Cl-],3.22184875
CCCCCCCCCCOCCOCCOCCO,3.22184875
CCCCCCCCCCCCC(C(=O)[O-])[n+]1ccccc1,3.22184875
CCCCCCCCCCCCn1cc[n+](COCCCCOC[n+]2ccn(CCCCCCCCCCCC)c2)c1.[Cl-].[Cl-],3.22
CCCCCCCCCCCC[N+](C)(C)CC(O)COCCOCCOCCOCC(O)C[N+](C)(C)CCCCCCCCCCCC.[Br-].[Br-],3.216811309
CCCCCCCCCCCCCC[N+](C)(C)NC(=O)CCC(=O)N1CCOCC1.[I-],3.214670165
OCCOCCOCCOCCOCCOCCOCCOCCOCCOCCOCCOCCOCCOCCOCCC(F)(F)C(F)(F)C(F)(F)C(F)(F)C(F)(F)C(F)(F)F,3.214670165
CCCCCCCCC[N+](CCCCCC[N+](CCCCCCCCC)(CC(C)O)CC(C)O)(CC(C)O)CC(C)O.[Br-].[Br-],3.209011525
CCCCCCCCCCCC(C)c1ccc(S(=O)(=O)[O-])cc1.[Na+],3.208028799
CCCCCCCCCCCC[N+]1(CCCCCCCC[N+]2(CCCCCCCCCCCC)CCCC2)CCCC1.[Br-].[Br-],3.208028799
CCCCCCCCCCCCCCCC[N+](C)(C)CC(O)COCCOCC(O)C[N+](C)(C)CCCCCCCCCCCCCCCC.[Br-].[Br-],3.2069084
CCCCCCCCCC[N+]CC(O)COCC(C)(COCC(O)C[N+]CCCCCCCCCC)COCC(O)C[N+]CCCCCCCCCC.[Cl-].[Cl-].[Cl-],3.206209615
CCCCCCCCCCCC[N+](C)(C)CC(O)CN(CCC)CC(O)C[N+](C)(C)CCCCCCCCCCCC.[Cl-].[Cl-],3.205024256
CCCCCCCCCCCC[N+](C)(C)CCCCCCCCCC[N+](C)(C)CCCCCCCCCCCC.[Br-].[Br-],3.2007
CC(C)(C)[Si]O[Si](CCCOCCOCCOCCOCCOCCOCCOCCOCCOCCOCCOCCOCC=O)(O[Si]C(C)(C)C)C(C)(C)C,3.200659451
CCCCCCCCCCCn1cc[n+](COCCCCCCOC[n+]2ccn(CCCCCCCCCCC)c2)c1.[Cl-].[Cl-],3.2
CCCCCCCCCCCC(CCS(=O)(=O)[O-])NCCCC.[Na+],3.199970641
CCCCCCCCCCCCn1cc[n+](CC[n+]2ccn(CCCCCCCCCCCC)c2)c1.[Br-].[Br-],3.194023649
CCCCCCCCCCCCCCCC[n+]1ccccc1.[Br-],3.193820026
CCCCCCCCCCCCCCCCc1cc[nH+]cc1.[Br-],3.193820026
CCCCCCCCCCCCCCCC[N+](C)(C)CCCCO[N+](C)(C)CCCCCCCCCCCCCCCC.[Br-].[Br-],3.1938
CCCCCC[n+]1cccc(COC(=O)CC(O)(CC(=O)OCc2ccc[n+](CCCCCC)c2)C(=O)OCc2ccc[n+](CCCCCC)c2)c1.[Br-].[Br-].[Br-],3.189767482
CCCCCCCCCC[N+](C)(C)CC(O)COCCOCCOCCOCC(O)C[N+](C)(C)CCCCCCCCCC.[Br-].[Br-],3.187755303
CCCCCCCCCCCC[N+](C)(C)CC(=O)Oc1ccc(OC(=O)C[N+](C)(C)CCCCCCCCCCCC)cc1.[Cl-].[Cl-],3.187086643
CCCCCCCCCCCCCON(C)CCOCCOCCOCCOCCOCCOCCO,3.187019834
CCCCCCCCCC(CCS(=O)(=O)[O-])OCCCCCC.[Na+],3.185020316
CCCCCCCCCCCCCC[N+](CCO)CCO.[Br-],3.184422252
CCCCCCCCCCCC[N+](CCCCC[N+](CCCCCCCCCCCC)(CC(C)O)CC(C)O)(CC(C)O)CC(C)O.[Br-].[Br-],3.180456064
CCCCCCCCCCCCn1cc[n+](COCCCOC[n+]2ccn(CCCCCCCCCCCC)c2)c1.[Cl-].[Cl-],3.18
CCCCCCCCCCCC[N+]1(CCC[N+]2(CCCCCCCCCCCC)CCCC2)CCCC1.[Br-].[Br-],3.179995693
CCCCCCCCCC[N+](C)(CCO)CCCNC(=O)C(O)C(O)C(O)C(O)CO.[Br-],3.173925197
CCCCCCCCCCCC[N+]1(CC(=O)OCCOC(=O)C[N+]2(CCCCCCCCCCCC)CCCC2)CCCC1.[Br-].[Br-],3.173925197
CCCCCCCCCC(O)OCCOCCOCCOCC,3.167491087
CCCCCCCCCCOCCOCCOCCOCCO,3.167491087
CCCCCCCCCCOOCCOCCOCCOCC,3.166980453
CCCCCCCCCCCCCCCCOC(=O)C[N+](C)(C)CCOCCO.[Cl-],3.164943898
CCCCCCCCCCCCCC(OCCOCC)(OCCOCC)OS(=O)(=O)[O-].[Na+],3.160019442
CCCCCCCCCCCn1cc[n+](COCCCCCOC[n+]2ccn(CCCCCCCCCCC)c2)c1.[Cl-].[Cl-],3.16
CCCCCCCCCCCC[N+](C)(C)CC(O)C(O)C[N+](C)(C)CCCCCCCCCCCC.[Br-].[Br-],3.155026062
CCCCCCCCCCCCCCNC(=O)C([N+])CCCNC([N+])N.[Cl-].[Cl-],3.15490196
CC(C)(C)[Si]O[Si](CCSCCOCCOCCOCCOCCOCCOCCOCCOCCOCCOCCOCCOCCOCCOCCOCCO)(O[Si])O[Si]C(C)(C)C,3.15490196
CCCCCCCCCCO[C@@H]1O[C@H](CO)[C@H](O)[C@H](O)[C@H]1O,3.15490196
CCCCCCCCCCCC[N+](C)(C)CC(O)CC(O)[N+](C)(C)CCCCCCCCCCCC.[Br-].[Br-],3.1549
CCCCCCCCCCCC(CCC)c1ccc(S(=O)(=O)[O-])cc1.[Na+],3.150028088
CCCCCCCCCCCCn1cc[n+](COCCOC[n+]2ccn(CCCCCCCCCCCC)c2)c1.[Cl-].[Cl-],3.15
CCCCCCCCCCCC[N+](C)(C)CC(O)COCCOCC(O)C[N+](C)(C)CCCCCCCCCCCC.[Br-].[Br-],3.148130399
CCCCCCCCCCCCCCC(CCC)OS(=O)(=O)[O-].[Na+],3.143029567
CCCCCCCCCCC(O)Cn1cc[n+](CCC[n+]2ccn(CC(O)CCCCCCCCCC)c2)c1.[Br-].[Br-],3.142667504
CC(C)(C)CC(C)(C)c1ccc(OCCOCCOCCOCCOCCOCCOCCOCCOCCOCCOCCOCCOCCOCCOCCOCCOCCOCCOCCOCCOCCOCCOCCOCCOCCOCCOCCOCCOCCOCCO)cc1,3.142667504
CCCCCCCCCCCCCCCS(=O)(=O)[O-].[Na+],3.139003563
CCCCCCCCCCCCC(C[N+](C)(C)C)C(CCCCCCCCCCCC)C[N+](C)(C)C.[Br-].[Br-],3.137868621
CCCCCCCCCCCCCC[N+]CCO.[Br-],3.137272472
CCCCCCCCCCCCn1cc[n+](CCCC[n+]2ccn(CCCCCCCCCCCC)c2)c1.[Br-].[Br-],3.136974704
CCCCCCCCCCCCCCC(C(=O)OC)S(=O)(=O)[O-].[Na+],3.13667714
CCCCCCCCCCCCCCCCN=Cc1ccc([N+](C)(CC)CC)cc1.[I-],3.13667714
CCCCCCCCC(=O)OCC(COC(=O)CCCCCCCC)S(=O)(=O)[O-].[Na+],3.131003098
CCCCCCCCCCCCCCCCS(=O)(=O)[O-].[Na+],3.131003098
CCCCCCCCCCCCn1cc[n+](CCCCCC[n+]2ccn(CCCCCCCCCCCC)c2)c1.[Br-].[Br-],3.131003098
CCCCCCCCCCCC[n+]1ccccc1CCCCCCCCCCCCc1cccc[n+]1CCCCCCCCCCCC.CS(=O)(=O)[O-].CS(=O)(=O)[O-],3.130006
CCCCCCCCCCCn1cc[n+](COCCCCOC[n+]2ccn(CCCCCCCCCCC)c2)c1.[Cl-].[Cl-],3.13
CCCCCCCCCCCC[N+](C)(C)CC(O)CN(CC)CC(O)C[N+](C)(C)CCCCCCCCCCCC.[Cl-].[Cl-],3.128018646
CCCCCCCCCCCCCON(C)CCOCCOCCOCCOCCOCCOCCOCCOCCOCCO,3.124996646
CCCCCCCCCCCCCCCC[N+](C)(C)CCCCCC[N+](C)(C)CCCCCCCC.[Br-].[Br-],3.1249
CCCCCCCCCCC(O)Cn1cc[n+](CCCC[n+]2ccn(CC(O)CCCCCCCCCC)c2)c1.[Br-].[Br-],3.119186408
CCCCCCCCCCOCCOCCOCCOCCOCCO,3.119186408
CCCCCCCCCC(O)OCCOCCOCCOCCOCC,3.119186408
CCCCCCCCCCCC[N+](C)(C)C(=O)OCCCCCCOC(=O)[N+](C)(C)CCCCCCCCCCCC.[Cl-].[Cl-],3.114017189
CCCC=NCCC[N+](C)(C)CCCCCCCCCCCC.[Br-],3.112945622
CCCCCCCCCCCC[N+]1(CCCCCC[N+]2(CCCCCCCCCCCC)CCCC2)CCCC1.[Br-].[Br-],3.108016769
CCCCCCCCCCCCn1cc[n+](CC(O)C[n+]2ccn(CCCCCCCCCCCC)c2)c1.[Cl-].[Cl-],3.108016769
CCCCCCCCCC(=O)OCCC[N+](C)(C)CC(O)CN(CCCC)CC(O)C[N+](C)(C)CCCOC(=O)CCCCCCCCC.[Cl-].[Cl-],3.107905397
CCCCCCCCCCCC[N+](C)(C)CC(O)C[N+](C)(C)CCCCCCCCCCCC.[Cl-].[Cl-],3.107905397
CCCCCCCCCCCC(CCS(=O)(=O)[O-])N1CCOCC1.[Na+],3.106016433
CCCCCCCCCCCC[N+](C)(C)CC(=O)OCCOC(=O)C[N+](C)(C)CCCCCCCCCCCC.[Cl-].[Cl-],3.102647866
C=CC(=O)OC(C[N+](C)(C)CCCCCCCCCCCC)C[N+](C)(C)CCCCCCCCCCCC.[Br-].[Br-],3.102372909
CCCCCCCCCCCC[N+]1(CC(=O)OCCOC(=O)C[N+]2(CCCCCCCCCCCC)CCOCC2)CCOCC1.[Br-].[Br-],3.102372909
CCCCCCCCCCOOCCOCCOCCOCCOCC,3.100015437
CCCCCCCCCCCCCCC(CCCC)OS(=O)(=O)[O-].[Na+],3.0970186
CCCCCCCCCCCC[N+](C)(C)CC[N+](C)(C)CCCCCCCCCCCC.[Br-].[Br-],3.0969
CCCCCCCCCCOC1[CH][C@H](O)[C@@H](O)C(O)O1,3.091997799
CC(C)(C)CC(C)(C)c1ccc(OCCOCCOCCOCCOCCOCCOCCOCCOCCOCCOCCOCCOCCOCCOCCOCCOCCOCCOCCOCCOCCOCCOCCOCCOCCOCCOCCOCCOCCOCCOCCOCCOCCOCCOCCOCCOCCOCCOCCOCCO)cc1,3.091514981
CCCCCCCCCCCCNC(=O)C[N+](C)(C)CCNC(=O)COc1ccccc1.[Cl-],3.088842391
CCCCCCCCCCCCCCCC[N+](C)(C)CCOCCO.[Br-],3.08249449
CCCCCCCCCCCCCCCC[N+](C)(C)CCCCCC[N+](C)(C)CCCCCC.[Br-].[Br-],3.080974235
CCCCCCCCCCCC[N+]1(CCCC[N+]2(CCCCCCCCCCCC)CCCC2)CCCC1.[Br-].[Br-],3.080974235
CCCCCCCCCCCC[N+](C)(C)CCCCCCCC[N+](C)(C)CCCCCCCCCCCC.[Br-].[Br-],3.0809
CCCCCCCCCCCC[n+]1ccccc1CCCc1cccc[n+]1CCCCCCCCCCCC.[Br-].[Br-],3.077015184
C=CC(=O)OCC[N+](C)(C)CCCCCCCCCCCCCCCC.[Br-],3.075720714
CCCCCCCCCCCC[N+](C)(C)CCSCC[N+](C)(C)CCCCCCCCCCCC.[Br-].[Br-],3.075720714
CCCCCCCCCCCCCC[N+](C)(C)CCCCCC[N+](C)(C)CCCCCCCCCC.[Br-].[Br-],3.0757
CCCCCCCCCC[n+]1cccc(NC(=O)Nc2ccc[n+](CCCCCCCCCC)c2)c1.[Br-].[Br-],3.072629637
CCCCCCCCCCCC1OCC(C[N+](C)(C)C)O1.[Br-],3.070581074
CCCCCCCCC[N+](CCCCCC[N+](CCCCCCCCC)CC(C)O)CC(C)O.[Br-].[Br-],3.070581074
CCCCCCCCCCCn1cc[n+](COCCCOC[n+]2ccn(CCCCCCCCCCC)c2)c1.[Cl-].[Cl-],3.07
CCCCCCCCCCn1cc[n+](COCCCCCCOC[n+]2ccn(CCCCCCCCCC)c2)c1.[Cl-].[Cl-],3.07
CCCCCCCCCCn1cc[n+](COCCCCCOC[n+]2ccn(CCCCCCCCCC)c2)c1.[Cl-].[Cl-],3.07
CCCCCCCCCC[N+](C)(C)CC(=O)COCCOCC(=O)C[N+](C)(C)CCCCCCCCCC.[Br-].[Br-],3.066006836
CCCCCCCCCCCC[N+](C)(C)CCOCCOCCOCC[N+](C)(C)CCCCCCCCCCCC.[Br-].[Br-],3.0655
CCCCCCCCCCCCC[N+](C)(C)CCCCCC[N+](C)(C)CCCCCCCCCCC.[Br-].[Br-],3.0555
CCCCCCCCCCCC[N+](C)(C)NC(=O)CCC(=O)N1CCOCC1.[I-],3.050609993
CCCCCCCCCCCCC[N+]1(CCC#CCC[N+]2(CCCCCCCCCCCCC)CCCCC2)CCCCC1.[Br-].[Br-],3.0506
CCCCCCCCCCCC[N+]1(CC#CC[N+]2(CCCCCCCCCCCC)CCCCC2)CCCCC1.[Br-].[Br-],3.049976093
CCCCCCCCCCCCCCOC(=O)CCS(=O)(=O)[O-].[Na+],3.045998832
CCCCCCCCCCCC[N+](C)(C)CCCCCCC[N+](C)(C)CCCCCCCCCCCC.[Br-].[Br-],3.045998832
CCCCCCCCCCOOCCOCCOCCOCCOCCOCC,3.045998832
CCCCCCCCCCCC[N+](C)(C)CCOCCOCCOCCOCC[N+](C)(C)CCCCCCCCCCCC.[Br-].[Br-],3.0458
CCCCCCCCCCCCCCCCc1cc[nH+]cc1.[Cl-],3.045757491
CCCCCCCCCCCCCCCC[N+]1CCCCC1.[Cl-],3.045757491
CCCCCCCCCCCCCCCC[n+]1ccccc1.[Cl-],3.045757491
CCCCCCCCCCCC(=O)NCCC[N+](C)(C)Cc1ccc(C[N+](C)(C)CCCNC(=O)CCCCCCCCCCC)cc1.[Cl-].[Cl-],3.045757491
CCCCCCCCCC(O)OCCOCCOCCOCCOCCOCC,3.045757491
CCC(CC)(CC)[Si]O[Si](C)(CCSCCOCCOCCOCCOCCOCCOCCOCCOCCOCCOCCOCCOCCOCCOCCOCCO)O[Si]C(CC)(CC)CC,3.045757491
CCCCCCCCCCOCCOCCOCCOCCOCCOCCO,3.045757491
CCCCCCCCCCCCOCC(C[N+](C)(C)CC(COCCCCCCCCCCCC)OCCO)OCCO.COS(=O)(=O)[O-],3.045275209
CCCCCCCCCCCC[N+](C)(C)CC(=O)NCCNC(=O)C[N+](C)(C)CCCCCCCCCCCC.[Cl-].[Cl-],3.042488489
CCCCCCCCCCCC[N+]1(CC#CC[N+]2(CCCCCCCCCCCC)CCCC2)CCCC1.[Br-].[Br-],3.041006335
CCCCCCCCCCCCC[N+]1(CCC#CCC[N+]2(CCCCCCCCCCCCC)CCCC2)CCCC1.[Br-].[Br-],3.041
CCCCCCCCOC(=O)CC(C(=O)OCCCCCCCC)S(=O)(=O)[O-].[Na+],3.040958608
CCCCCCCCCCC(CCCC)c1ccc(S(=O)(=O)[O-])cc1.[Na+],3.040005162
CCCCCCCCCCCCCCOCCOCC[N+](C)(C)C.[Br-],3.036212173
CCCCCCCCCCCCC(CCCCC)OS(=O)(=O)[O-].[Na+],3.027010773
CCCCCCCCCCCC[N+](C)(C)CCC[N+](C)(C)CCCCCCCCCCCC.[Br-].[Br-],3.0269
CCCCCCCCC[N+](CCO)(CCO)CCO.[I-],3.022276395
CCCCCCCCCC[N+](C)(C)CC[N+](C)(CCCCCCCCCC)CC[N+](C)(C)CCCCCCCCCC.[Br-].[Br-].[Br-],3.022276395
CCCCCCCCCCC(=O)OC(O)[C@H]1O[C@H](OC[C@H]2O[C@H](O[C@]3(CO)O[C@H](CO)[C@@H](O)[C@@H]3O)[C@H](O)[C@@H](O)[C@@H]2O)[C@H](O)[C@@H](O)[C@H]1O,3.022276395
CCCCCCCCCCOOCCOCCOCCOCCOCCOCCOCC,3.014977918
CCCCCCCCCCCCOC(=O)C[N+](C)(C)CCOCCO.[Cl-],3.01188716
CCCCCCCCCCCCCCCC[N+](C)(C)C.[Br-],3.008773924
CCCCCCCCCCCC(CC)c1ccc(S(=O)(=O)[O-])cc1.[Na+],3
CCCCCCCCCCCCOC(=O)C[n+]1cccc2ccc(CN3CCCCC3)c(O)c21.[Br-],3
CCCCCCCCCCC[N+](C)(C)CCCCC[N+](C)(C)CCCCCCCCCCC.[Br-].[Br-],3
CCCCCCCCCCOc1ccc[n+](CC(O)C[n+]2cccc(OCCCCCCCCCC)c2)c1,3
CCCCCCCCCCn1cc[n+](COCCCCOC[n+]2ccn(CCCCCCCCCC)c2)c1.[Cl-].[Cl-],3
CCCCCCCCCCCC[N+](C)(C)CCCCO[N+](C)(C)CCCCCCCCCCCC.[Br-].[Br-],3
CCCCCCCCCCOc1ccc[n+](CC(O)C[n+]2cccc(OCCCCCCCCCC)c2)c1.[Br-].[Br-],3
CCCCCCCCCC(O)OCCOCCOCCOCCOCCOCCOCCOCC,3
CCCCCCCCCCOOCCOCCOCCOCCOCCOCCOCCOCC,3
CCCCCCCCOP(=O)([O-])OCC[N+](C)(C)CCCCCCCC,3
CCCCCCCCCCCC[N+](C)(C)CC(O)CN1CCN(CC(O)C[N+](C)(C)CCCCCCCCCCCC)CC1.[Cl-].[Cl-],2.998699067
CCCCCCCCCCCCCCC(O)Cn1cc[n+](CCO)c1.[Cl-],2.991399828
CCCCCCCCCCC(O)Cn1cc[n+](CCCCC[n+]2ccn(CC(O)CCCCCCCCCC)c2)c1.[Br-].[Br-],2.991399828
CCCCCCCCCCC(O)Cn1cc[n+](CCO)c1.[Br-],2.990974258
CCCCCCCCCCCC[N+](CC)(CC)CC(=O)NCCNC(=O)C[N+](CC)(CC)CCCCCCCCCCCC.[Cl-].[Cl-],2.978810701
CS(=O)(=O)[O-].CS(=O)(=O)[O-].FC(F)(F)C(F)(F)C(F)(F)C(F)(F)C(F)(F)C(F)(F)CC[n+]1ccccc1CCCCCCCCCCCCc1cccc[n+]1CCC(F)(F)C(F)(F)C(F)(F)C(F)(F)C(F)(F)C(F)(F)F,2.978810701
CCCCCCCCCCCCCCn1cc[n+](CC(O)C[n+]2ccn(CCCCCCCCCCCCCC)c2)c1.[Cl-].[Cl-],2.973875483
CCCCCCCCCCCCCCOC(=O)C[N+]1(C)CCCC1.[Br-],2.970616222
CCCCCCCCC[N+](CCO)(CCO)CCO.[Br-],2.970616222
CCCCCCCCCCC(O)Cn1cc[n+](CCCCCC[n+]2ccn(CC(O)CCCCCCCCCC)c2)c1.[Br-].[Br-],2.970616222
CCCCCCCCCCCC(CCS(=O)(=O)[O-])NCCC.[Na+],2.964170175
CCCCCCCCCCCCCC(C)COS(=O)(=O)[O-].[Na+],2.959002308
FC(F)(F)C(F)(F)C(F)(F)C(F)(F)C(F)(F)C(F)(F)CC[n+]1ccccc1CCCCCCCCCCCCc1cccc[n+]1CCC(F)(F)C(F)(F)C(F)(F)C(F)(F)C(F)(F)C(F)(F)F.[Cl-].[Cl-],2.959002308
CCCCCCCCC[N+](CCO)CCO.[I-],2.958607315
CCCCCCCCCCCC[N+](C)(C)CCCCCCCC.[Br-],2.958607315
CCCCCCCCCCCC[N+](C)(C)CCCCC[N+](C)(C)CCCCCCCCCCCC.[Br-].[Br-],2.9586
CCCCCCCCCCCC[N+](C)(C)CCCCNC[N+](C)(C)CCCCCCCCCCCC.[Br-].[Br-],2.9586
CCCCCCCCCCCC[n+]1ccccc1CCCCCCCCc1cccc[n+]1CCCCCCCCCCCC.[Cl-].[Cl-],2.955068454
CCCCCCCCCCCC[N+](C)(C)CC(=O)Nc1ccccc1.[Cl-],2.954677021
CCCCCCCCCCn1cc[n+](COCCCOC[n+]2ccn(CCCCCCCCCC)c2)c1.[Cl-].[Cl-],2.95
CCCCCCCCCn1cc[n+](COCCCCCCOC[n+]2ccn(CCCCCCCCC)c2)c1.[Cl-].[Cl-],2.95
CCCCCCCCCCCC[N+]1(Cc2ccc(C[N+]3(CCCCCCCCCCCC)CCOCC3)cc2)CCOCC1.[Cl-].[Cl-],2.946153573
CCCCCCCCCCC(O)Cn1cc[n+](CCCCCCCC[n+]2ccn(CC(O)CCCCCCCCCC)c2)c1.[Br-].[Br-],2.943095149
CCCCCCCCCCCC[N+](C)(C)CCCC[N+](C)(C)CCCCCCCCCCCC.[Br-].[Br-],2.932185489
CCCCCCCCCCCC[N+](C)(C)CCCNCCC[N+](C)(C)CCCCCCCCCCCC.[Br-].[Br-],2.932185489
CCCCCCCCCCCCOCC(O)C[n+]1ccn(C)c1.[Br-],2.931814138
CCCCCCCCCCCC[N+](C)(C)CCCNC(=O)c1ccc(C(=O)NCCC[N+](C)(C)CCCCCCCCCCCC)cc1.[Br-].[Br-],2.931814138
CCCCCCCCCC[N+](C)(C)CCN(CC[N+](C)(C)CCCCCCCCCC)CC[N+](C)(C)CCCCCCCCCC.[Br-].[Br-].[Br-],2.931814138
CCCCCCCCOCC(CC[N+](C)(C)C)(CC[N+](C)(C)C)COCCCCCCCC.[I-].[I-],2.924453039
CCCCCCCCOCC(COCCCCCCCC)(COCCC[N+](C)(C)C)COCCC[N+](C)(C)C.[I-].[I-],2.924453039
CCCCCCCCCCCC(CCS(=O)(=O)[O-])Oc1ccccc1.[Na+],2.92190585
CCCCCC(OS(=O)(=O)[O-])C(F)C(F)(F)C(F)(F)F.[Na+],2.921180817
CCCCCCCCCCCCCCCOS(=O)(=O)[O-].[Na+],2.921180817
CCCCCCCCCCCCc1ccc(S(=O)(=O)[O-])cc1.[Na+],2.921180817
CCCCCCCCCC[N+](C)(C)CCCCCCCCCC.[Br-],2.920818754
CCCCCCCCCCCCCC[N+](C)(C)Cc1cccc(OC)c1.[Cl-],2.920818754
CCCCCCCCCCCCCC[N+](CCCC)(CCCC)CCCC.[Br-],2.920818754
CC(C)(C)[Si]O[Si](C)(O[Si]CCSCCOCCOCCOCCOCCOCCOCCOCCOCCOCCOCCOCCOCCOCCOCCOCCO)O[Si]C(C)(C)C,2.920818754
CCCCCCCCSC[C@H](O)[C@H](O)[C@@H](O)CO,2.920818754
CCCCCCCCCCn1cc[n+](COCCOC[n+]2ccn(CCCCCCCCCC)c2)c1.[Cl-].[Cl-],2.92
CCCCCCCCCCCC(=O)NCCC[N+](C)(C)CC(O)CO.[Cl-],2.913640169
CCCCCCCCC[N+](CCO)CCO.[Br-],2.913640169
CCCCCCCCCn1cc[n+](COCCCCCOC[n+]2ccn(CCCCCCCCC)c2)c1.[Cl-].[Cl-],2.91
CCCCCCCCCCCC[N+](C)(C)CC(O)COCCOCCOCC(O)C[N+](C)(C)CCCCCCCCCCCC.[Br-].[Br-],2.906928694
CCCCCCCCCCCCCCCC(=O)N[N+](C)(C)CCC[N+](C)(C)NC(=O)CCCCCCCCCCCCCCC.[Br-].[Br-],2.903089987
CCCCCCCCCCCCCCC(=O)N[N+](C)(C)CCC[N+](C)(C)NC(=O)CCCCCCCCCCCCCC.[Br-].[Br-],2.903089987
CCCCCCCCCC(CCCCC)c1ccc(S(=O)(=O)[O-])cc1.[Na+],2.89997427
CCCCCCCCCCC(CCC)c1ccc(S(=O)(=O)[O-])cc1.[Na+],2.89997427
CCCCCCCCCCCCCCCCCCN=Cc1ccc([N+](C)(CC)CC)cc1.[I-],2.899629455
C=CC(=O)OCC[N+](C)(C)CCCCCCCCCCCCCC.[Br-],2.899629455
CCCCCCCCCCCCCC[N+](C)(CCO)CCO.[Br-],2.899629455
CCCCCCCCCCCC[n+]1ccccc1CCCCc1cccc[n+]1CCCCCCCCCCCC.[Cl-].[Cl-],2.893129456
CCCCCCCCCCN(C)C(=O)COCOCOCO,2.88941029
FC(F)(F)C(F)(F)C(F)(F)C(F)(F)C(F)(F)C(F)(F)CC[n+]1ccccc1CCCCCCCCc1cccc[n+]1CCC(F)(F)C(F)(F)C(F)(F)C(F)(F)C(F)(F)C(F)(F)F.[Cl-].[Cl-],2.889073758
CCCCCCCCCCCCCCCc1cc[nH+]cc1.[Br-],2.886056648
CCCCCCCCCCCCCCC[n+]1ccccc1.[Br-],2.886056648
CCCCCCCCCCOOCCOCCOCCOCCOCCOCCOCCOCCOCC,2.886056648
CCCCCCCCCCNC(=O)C(O)C(O)C(OC1OC(CO)C(O)C(O)C1O)C(O)CO,2.886056648
CCCCCCCCCCN(C)C(=O)[C@H](O)[C@@H](O)[C@H](O)[C@H](O)CO,2.886056648
CCCCCCCCCCNC(=O)[C@H](O)[C@@H](O)[C@H](O[C@@H]1O[C@H](C)[C@H](O)[C@H](O)[C@H]1O)[C@H](O)CO,2.886056648
CCCCCCCCCCOCCOCCOCCOCCOCCOCCOCCOCCOCCO,2.886056648
CCCCCCCCCCCCC(C(=O)[O-])[N+](C)(C)C,2.886056648
CCCCCCCCCn1cc[n+](COCCCCOC[n+]2ccn(CCCCCCCCC)c2)c1.[Cl-].[Cl-],2.88
CCCCCCCCn1cc[n+](COCCCCCCOC[n+]2ccn(CCCCCCCC)c2)c1.[Cl-].[Cl-],2.87
CCCCCCCCCCCCC(C(=O)OCCCC)S(=O)(=O)[O-].[Na+],2.869666232
CCCCCCCCCC[N+](C)(C)CC#CC[N+](C)(C)CCCCCCCCCC.[Br-].[Br-],2.857
CC(C)(C)OCCCCCCCCCCCCOS(=O)(=O)[O-].[Na+],2.8569852
CCCCCCCCCCCCCC(OCC)OS(=O)(=O)[O-].[Na+],2.8569852
CCCCCCCCCCCC[N+](CCCCC[N+](CCCCCCCCCCCC)CC(C)O)CC(C)O.[Br-].[Br-],2.855425792
CCCCCCOC(=O)CC(C(=O)OCCCCCC)S(=O)(=O)[O-].[Na+],2.853871964
CCCCCCCCc1ccc(C[C@H](Nc2ccc(S(=O)(=O)[O-])cc2)C(=O)O)cc1.[Na+],2.853871964
CS(=O)(=O)[O-].CS(=O)(=O)[O-].FC(F)(F)C(F)(F)C(F)(F)C(F)(F)C(F)(F)C(F)(F)CC[n+]1ccccc1CCCCCCCCc1cccc[n+]1CCC(F)(F)C(F)(F)C(F)(F)C(F)(F)C(F)(F)C(F)(F)F,2.853871964
CCCOCCOCCOC(=O)C(N)CCC(F)(F)C(F)(F)C(F)(F)C(F)(F)F,2.853871964
CCCCCCCCCCCCC(=O)N[N+](C)(C)CCC[N+](C)(C)NC(=O)CCCCCCCCCCCC.[Br-].[Br-],2.851089007
CCCCCCCCCCCCCC(=O)OCC[N+](C)(CCO)CC[N+](C)(CCO)CCOC(=O)CCCCCCCCCCCCC.[Br-].[Br-],2.850780887
CCCCCCCCCCCCCC(=O)N[N+](C)(C)CCC[N+](C)(C)NC(=O)CCCCCCCCCCCCC.[Br-].[Br-],2.850780887
CCCCCCCCCCCCCC[N+](C)(C)Cc1ccccc1CO.[Cl-],2.844663963
CCCCCCCCCCCCCCOC(=O)C[N+]1(C)CCCC1.[Cl-],2.841637508
CCCCCCCCCn1cc[n+](COCCCOC[n+]2ccn(CCCCCCCCC)c2)c1.[Cl-].[Cl-],2.84
CCCCCCCCCCCCCC(O)CCS(=O)(=O)[O-].[Na+],2.838931615
CCCCCCCCC[N+]CCO.[Br-],2.838631998
CCCCCCCCn1cc[n+](COCCCCCOC[n+]2ccn(CCCCCCCC)c2)c1.[Cl-].[Cl-],2.83
CCCCCCCCCCCCCCCC(=O)NC(CC(C)C)C(=O)[O-].[Na+],2.823908741
CCCCCCCCCCCCC(CC)COS(=O)(=O)[O-].[Na+],2.823908741
CCCCCCCCCC[N+](C)(C)CCCCCCCC(=O)[O-],2.823908741
CCCCCCCCCCCCOC(=O)C[n+]1cccc(N=Cc2ccc(O)c(OC)c2)c1.[Br-],2.821023053
CCCCCCCCCCCC[n+]1ccccc1CCCc1cccc[n+]1CCCCCCCCCCCC.[Cl-].[Cl-],2.821023053
CCCCCCCCCC(CCS(=O)(=O)[O-])OCCCC.[Na+],2.817015033
CCCCCCCCCCCC(C)OS(=O)(=O)[O-].[Na+],2.817015033
CCCCCCCCCn1cc[n+](COCCOC[n+]2ccn(CCCCCCCCC)c2)c1.[Cl-].[Cl-],2.81
CCCCCCCCC(CCCCCC)c1ccc(S(=O)(=O)[O-])cc1.[Na+],2.799970733
CCCC=NCCC[N+](C)(C)CCCCCCCCCC.[Br-],2.798876103
CCCCCCCCCOCCS(=O)(=O)[O-].[Na+],2.798602876
CCCCCCCn1cc[n+](COCCCCCCOC[n+]2ccn(CCCCCCC)c2)c1.[Cl-].[Cl-],2.79
CCCCCCCCCCCC[N+](C)(C)CC(=O)OCCCOC(=O)C[N+](C)(C)CCCCCCCCCCCC.[Cl-].[Cl-],2.782779344
CCCCCCCCCC(CCCC)c1ccc(S(=O)(=O)[O-])cc1.[Na+],2.779891912
CCCCCCCCCCCC[N+](C)(CCO)CCCNC(=O)C(O)C(O)C(O)C(O)CO.[Br-],2.777283529
CCCCCCCCCCCC(O)NC(O)(OS(=O)(=O)[O-])[C@H]1OC(O)[C@H](O)[C@@H](O)[C@@H]1O.[Na+],2.770062314
CCCCCCCCCCCC(OCCOCC)(OCCOCC)OS(=O)(=O)[O-].[Na+],2.770062314
CCCCCCCCCC[N+](C)(C)CC(O)COCCOCCOCC(O)C[N+](C)(C)CCCCCCCCCC.[Br-].[Br-],2.769551079
CCCCCCCCCCCCCC(C)OS(=O)(=O)[O-].[Na+],2.76700389
CCCCCCCC[N+](C)(C)CCOCCO.[Br-],2.764724123
CCCCCCCCCC[N+](C)(C)CC(=O)OCCN(CCOC(=O)C[N+](C)(C)CCCCCCCCCC)CCOC(=O)C[N+](C)(C)CCCCCCCCCC.[Br-].[Br-].[Br-],2.761953897
CCCCCCCCn1cc[n+](COCCCOC[n+]2ccn(CCCCCCCC)c2)c1.[Cl-].[Cl-],2.75
CCCCCCCCCOCOC1[CH][C@H](O)[C@@H](O)C(O)O1,2.744968837
CCCCCCCCCCCCCCCCC(=O)[O-].[K+],2.744727495
CC(C)(C)[Si]O[Si](C)(CCSCCOCCOCCOCCOCCOCCOCCOCCOCCOCCOCCOCCOCCOCCOCCOCCO)O[Si]C(C)(C)C,2.744727495
CCCCCCCCSC[C@@H](O)[C@@H](O)[C@H](O)CO,2.744727495
CCCCCCCCCCOC(=O)C([C@@H](O)C(O)[C@@H](O)CO)[C@@H](O)CO,2.744727495
FC(F)(F)C(F)(F)C(F)(F)C(F)(F)C(F)(F)C(F)(F)CC[n+]1ccccc1CCCCc1cccc[n+]1CCC(F)(F)C(F)(F)C(F)(F)C(F)(F)C(F)(F)C(F)(F)F.[Cl-].[Cl-],2.730020323
CCCCCCCCCCCCCC[N+](C)(C)Cc1ccccc1.[Cl-],2.725842151
CCCCCCCCCCCCOCCOCCOCCOCCOCCOS(=O)(=O)[O-].[Na+],2.721246399
CCCCCCCCCCCCCCCC(=O)NC(C(=O)[O-])C(C)C.[Na+],2.721246399
CCCCCCCCC(CCC)c1ccc(S(=O)(=O)[O-])cc1.[Na+],2.721017883
CCCCCCCCCC(C)c1ccc(S(=O)(=O)[O-])cc1.[Na+],2.721017883
CCCCCCCCn1cc[n+](COCCOC[n+]2ccn(CCCCCCCC)c2)c1.[Cl-].[Cl-],2.72
FC(F)(F)C(F)(F)C(F)(F)C(F)(F)C(F)(F)C(F)(F)CC[n+]1ccccc1CCCc1cccc[n+]1CCC(F)(F)C(F)(F)C(F)(F)C(F)(F)C(F)(F)C(F)(F)F.[Cl-].[Cl-],2.718966633
CCCCCCCCOCC(COCCCCCCCC)(C[N+](C)(C)C)C[N+](C)(C)C.[I-].[I-],2.716698771
CCCCCCCCCCCC[n+]1ccccc1CCCCc1cccc[n+]1CCCCCCCCCCCC.CS(=O)(=O)[O-].CS(=O)(=O)[O-],2.713992878
CS(=O)(=O)[O-].CS(=O)(=O)[O-].FC(F)(F)C(F)(F)C(F)(F)C(F)(F)C(F)(F)C(F)(F)CC[n+]1ccccc1CCCCc1cccc[n+]1CCC(F)(F)C(F)(F)C(F)(F)C(F)(F)C(F)(F)C(F)(F)F,2.713992878
CCCCCCCn1cc[n+](COCCCCOC[n+]2ccn(CCCCCCC)c2)c1.[Cl-].[Cl-],2.71
CCCCCCn1cc[n+](COCCCCCCOC[n+]2ccn(CCCCCC)c2)c1.[Cl-].[Cl-],2.71
CCCCCCCCCC(CCS(=O)(=O)[O-])Oc1ccccc1.[Na+],2.707965564
CCCCCCCCCCOC(=O)C[N+](C)(C)CCOCCO.[Cl-],2.707743929
CCCCCCCCOCC(COCCCCCCCC)(COCC[N+](C)(C)C)COCC[N+](C)(C)C.[I-].[I-],2.701146924
CCCCCCCCC(CCCCC)c1ccc(S(=O)(=O)[O-])cc1.[Na+],2.7000571
CCCCCCCCCCCC(CCC)COS(=O)(=O)[O-].[Na+],2.698970004
CCCCCCCCCCCCCC(=O)NC(CCCNC([N+])N)C(=O)OC.[Cl-],2.698970004
CCCCCCCCCCCC[N+]1(C)CC[N+](C)(CCCCCCCCCCCC)CC1.[Br-].[Br-],2.698970004
CCCCCCCCCCO[C@@H]1O[C@H](CO)[C@@H](O)[C@H](O)[C@H]1O,2.698970004
CCCCCCCCCCCC[N+](C)(C)CC(=O)[O-],2.698970004
CCCCCCCCCCC(C)c1ccc(S(=O)(=O)[O-])cc1.[Na+],2.692076296
CCCCCCCCCCCC[n+]1ccccc1CCc1cccc[n+]1CCCCCCCCCCCC.CS(=O)(=O)[O-].CS(=O)(=O)[O-],2.684029655
CCCCCCCn1cc[n+](COCCCOC[n+]2ccn(CCCCCCC)c2)c1.[Cl-].[Cl-],2.68
CCCCCCCCCOC1[CH][C@H](O)[C@@H](O)C(O)O1,2.677987561
CCCCCCCCCCCCCCOS(=O)(=O)[O-].[Na+],2.677780705
CCCCCCCCCCCCCC[N+](CCC)(CCC)CCC.[Br-],2.677780705
CCCCCCCCCCC[N+](C)(C)CCN(C)CC[N+](C)(C)CCCCCCCCCCC.[Br-].[Br-],2.677780705
CCCCCCCCCCC[N+](C)(C)CCOCC[N+](C)(C)CCCCCCCCCCC.[Br-].[Br-],2.677780705
CCCCCCCCCOC([C@@H](O)C(O)[C@@H](O)CO)[C@@H](O)CO,2.677780705
CCCCCCCCCCCC[N+](C)(C)[O-],2.677780705
CCCCCCn1cc[n+](COCCCCCOC[n+]2ccn(CCCCCC)c2)c1.[Cl-].[Cl-],2.67
CCCCCCCCC[N+]CCO.[I-],2.66756154
CCCCCCCCCCc1cccc[n+]1CCCCCC[n+]1ccccc1CCCCCCCCCC.[Br-].[Br-],2.66594856
CCCCCC(=O)CC(=O)NC1CCOC1=O,2.663540266
CCCCCCCCCCCCC(CC)OS(=O)(=O)[O-].[Na+],2.657972312
CCCCCCCCCCC(O)[C@H]1OC(O)[C@H](O)[C@@H](O)[C@@H]1O,2.657972312
CCCCCCCn1cc[n+](COCCOC[n+]2ccn(CCCCCCC)c2)c1.[Cl-].[Cl-],2.65
CCCCCCCCC[N+](CCCCC[N+](CCCCCCCCC)(CC(C)O)CC(C)O)(CC(C)O)CC(C)O.[Br-].[Br-],2.643974143
CCCCCCCCCCCCC(O)Cn1cc[n+](CCO)c1.[Cl-],2.640164518
CCCCCCn1cc[n+](COCCCCOC[n+]2ccn(CCCCCC)c2)c1.[Cl-].[Cl-],2.64
CCCCCCCCC(O)CCO,2.638272164
CCCCCCCCCCN(C)C(=O)[C@H](O)[C@@H](O)[C@H](O[C@@H]1O[C@H](C)[C@H](O)[C@H](O)[C@H]1O)[C@H](O)CO,2.638272164
CCCCCCCCCCC(CCCC)COS(=O)(=O)[O-].[Na+],2.638083381
CCCCCCCCCC(O)CO,2.638083381
CCCCCCCCCCC(=O)N[N+](C)(C)CCC[N+](C)(C)NC(=O)CCCCCCCCCC.[Br-].[Br-],2.630969778
CCCCCCCCCCCC(=O)N[N+](C)(C)CCC[N+](C)(C)NC(=O)CCCCCCCCCCC.[Br-].[Br-],2.630784143
CCCCCCCCCCCCC(CCC)OS(=O)(=O)[O-].[Na+],2.628932138
CCCCCCCCCCCCCCCC(C)OS(=O)(=O)[O-].[Na+],2.628932138
CCCCCn1cc[n+](COCCCCCCOC[n+]2ccn(CCCCC)c2)c1.[Cl-].[Cl-],2.62
CCCCCCCCCCCC[N+](C)(C)CC(=O)Nc1nccs1.[Cl-],2.619788758
CCCCCCCCCCCCCCCC[N+]1(C)CC[N+](C)(CCCCCCCCCCCCCCCC)CC1.[Br-].[Br-],2.619788758
CCCCCCCCCCCCOC(=O)C[N+](CC)(CC)c1ccc(C=NCCN=Cc2ccc([N+](CC)(CC)CC(=O)OCCCCCCCCCCCC)cc2)cc1.[Cl-].[Cl-],2.610833916
CCCCCCn1cc[n+](COCCCOC[n+]2ccn(CCCCCC)c2)c1.[Cl-].[Cl-],2.61
CCCCCCCCCC(CC)c1ccc(S(=O)(=O)[O-])cc1.[Na+],2.606073993
CCCCCCCCCCCCCCS(=O)(=O)[O-].[Na+],2.602059991
CCCCC(CC)COC(=O)CC(C(=O)OCC(CC)CCCC)S(=O)(=O)[O-].[Na+],2.602059991
CCCCCCCCOC(=O)C[n+]1cccc(N=Cc2ccc(O)c(OC)c2)c1.[Br-],2.602059991
CCCCCCCC(CCCCCC)c1ccc(S(=O)(=O)[O-])cc1.[Na+],2.599980365
CCCCCCCCCCn1cc[n+](CC(O)C[n+]2ccn(CCCCCCCCCC)c2)c1.[Cl-].[Cl-],2.597051171
CCCCCCC(CCCCC)c1ccc(S(=O)(=O)[O-])cc1.[Na+],2.585026652
CCCCCCCCCCCC[N+](C)(C)CCCCCC(=O)[O-],2.585026652
CCCCCCCCCCC[N+](C)(C)CCCCO[N+](C)(C)CCCCCCCCCCC.[Br-].[Br-],2.585
CCCCCCCCCCC(CCS(=O)(=O)[O-])OC(C)=O.[Na+],2.583026827
CCCCCCCCCCCCN=Cc1ccc([N+](C)(CC)CC)cc1.[I-],2.580044252
CCCCCCCCCCCC[N+]1(C)CCCC1=Nc1ccc(O)cc1.[Br-],2.580044252
CCCCCCCCCCCC[N+](C)(C)CCOC1OC(COC)C(OC)C(OC)C1OC.[Br-],2.580044252
CCCCCCn1cc[n+](COCCOC[n+]2ccn(CCCCCC)c2)c1.[Cl-].[Cl-],2.58
CCCCCn1cc[n+](COCCCCCOC[n+]2ccn(CCCCC)c2)c1.[Cl-].[Cl-],2.58
CCCCCCCCC(CCCC)c1ccc(S(=O)(=O)[O-])cc1.[Na+],2.569924944
CCCCCCCCCCCCC=CS(=O)(=O)[O-].[Na+],2.568958055
CCCCCCCCCCCCCCc1cc[nH+]cc1.[Br-],2.568636236
CCCCCCCCCCCCCCCCC(OC(=O)C(C)C)S(=O)(=O)[O-].[Na+],2.566070234
CCCCCCCCOCOC[C@H]1O[C@@H](O[C@@H]([C@H](O)[C@@H](O)CO)[C@H](O)CO)[C@H](O)[C@@H](O)[C@H]1O,2.560983272
CCCCCCCC(CCCCCCC)COS(=O)(=O)[O-].[Na+],2.552997102
CCCCCCCCCCCC(OCC)(OCC)OS(=O)(=O)[O-].[Na+],2.552997102
CCCCCCCCCCCCCC[n+]1ccccc1.[Br-],2.552841969
CCCCCCCCCCCC[N+](C)(C)CCOC1OC(CO)C(O)C(O)C1O.[Br-],2.549750892
CCCCCCCCCCOC(=O)C[N+](CC)(CC)c1ccc(C=NCCN=Cc2ccc([N+](CC)(CC)CC(=O)OCCCCCCCCCC)cc2)cc1.[Cl-].[Cl-],2.549750892
CCCCCCCCCC[n+]1ccc(C(=O)NCCCCCCNC(=O)c2cc[n+](CCCCCCCCCC)cc2)cc1.[Br-].[Br-],2.54668166
CCCCCCCCCC[N+]1(Cc2ccc(-c3ccc(C[N+]4(CCCCCCCCCC)CCOCC4)cc3)cc2)CCOCC1.[Cl-].[Cl-],2.543785845
CCCCCCCCCCCCOCCOCCOS(=O)(=O)[O-].[Na+],2.537602002
CCCCCCCCC=COOCCOCCOCCOCCOCCOCCOCCOCCOCC,2.525929497
CCCCCCCCCC(CCCCC)COS(=O)(=O)[O-].[Na+],2.523023534
CCCCCCCCCCCCC(O)OCCc1ccc(S(=O)(=O)[O-])cc1.[Na+],2.523023534
CCCCCCCCCCC[N+](C)(C)CCCCNC[N+](C)(C)CCCCCCCCCCC.[Br-].[Br-],2.5229
CCCCCCCCNC(=O)CC[N+](C)(C)CCC(=O)NCCCCCCCC.[Br-],2.522878745
CCCCCCCCCCCC[N+](C)(C)CCCS(=O)(=O)[O-],2.522878745
CCCCCCCCCCC(O)Cn1cc[n+](CCO)c1.[Cl-],2.521433504
CCCCCn1cc[n+](COCCCOC[n+]2ccn(CCCCC)c2)c1.[Cl-].[Cl-],2.52
CCCCCCCCCCc1ccc(S(=O)(=O)[O-])cc1.[Na+],2.509058795
CCCCCCCCCCCC[N+]1(C)CCCC1=NCCO.[Br-],2.508638306
CCCCCCCCCCCC[N+](C)(C)CCCCCC.[Br-],2.508638306
CCCCC(CCCC)C(O)OCCOCCOCCOCCOCCOCC,2.508638306
CCCCCCCCC(CC)c1ccc(S(=O)(=O)[O-])cc1.[Na+],2.500038134
CCCCCCCCCC[N+](C)(C)CC(O)C[N+](C)(C)CCCCCCCCCC.[Cl-].[Cl-],2.494850022
CCCCC(CCCC)C(O)OCCOCCOCCOCCOCCOCCOCCOCCOCC,2.494850022
CCCCn1cc[n+](COCCCCCOC[n+]2ccn(CCCC)c2)c1.[Cl-].[Cl-],2.49
CCCCCCCCCC(=O)NC(O)[C@H]1O[C@@H](O[C@@H]([C@H](O)[C@@H](O)CO)[C@H](O)CO)[C@H](O)[C@@H](O)[C@H]1O,2.48148606
CCCCCCCCCCCCC(C)OS(=O)(=O)[O-].[Na+],2.480959961
CCCCCCCCCCn1cc[n+](CCC[n+]2ccn(CCCCCCCCCC)c2)c1.[Br-].[Br-],2.471983659
CCCCCCCCCCCCOCCOCCOCC[N+](C)(C)C.[Br-],2.468521083
CCCCCCCCCCCCCCOCC(O)C[n+]1ccn(C)c1.[Cl-],2.460923901
CCCCCCCCCC(CCS(=O)(=O)[O-])OC(C)C.[Na+],2.458046526
CCCCCCCCCCC(CSCCCSCC(CCCCCCCCCC)[n+]1ccn(C)c1)[n+]1ccn(C)c1.[Br-].[Br-],2.456056058
CCCCCCCCCCCCCCc1cc[nH+]cc1.[Cl-],2.455931956
CCCCCCCCCCCCCC[n+]1ccccc1.[Cl-],2.455931956
CCCCCCCCCC(=O)N[N+](C)(C)CCC[N+](C)(C)NC(=O)CCCCCCCCC.[Br-].[Br-],2.450996738
CCCCCCCCC(=O)N[N+](C)(C)CCC[N+](C)(C)NC(=O)CCCCCCCC.[Br-].[Br-],2.450996738
CCCCn1cc[n+](COCCCCOC[n+]2ccn(CCCC)c2)c1.[Cl-].[Cl-],2.45
CCCn1cc[n+](COCCCCCCOC[n+]2ccn(CCC)c2)c1.[Cl-].[Cl-],2.45
CCCCCCCCCCCCCC[N+](C)(C)C.[Br-],2.443697499
CCCCn1cc[n+](COCCCOC[n+]2ccn(CCCC)c2)c1.[Cl-].[Cl-],2.44
CCCCCCCCCCCCC(CO)S(=O)(=O)[O-].[Na+],2.432033093
CCCCCCCCCC[N+](C)(C)CC(O)C(O)C[N+](C)(C)CCCCCCCCCC.[Br-].[Br-],2.432033093
CCCCCCCCCCCCOCCOCC[N+](C)(C)C.[Br-],2.431798276
CCCCCCCCCCCCOCC(O)C[n+]1ccn(C)c1.[Cl-],2.43062609
CCCCCCCCCCCCCS(=O)(=O)[O-].[Na+],2.421017157
CCCCn1cc[n+](COCCOC[n+]2ccn(CCCC)c2)c1.[Cl-].[Cl-],2.41
CCCCCCCCCCCCOCCOS(=O)(=O)[O-].[Na+],2.408935393
CCCCCCCCCCCOCCS(=O)(=O)[O-].[Na+],2.408935393
CCCCCCCC(CCC)c1ccc(S(=O)(=O)[O-])cc1.[Na+],2.400007822
CCCCCCCCCCCC[N+](C)(C)CCOCCO.[Br-],2.400007822
CCCC(OS(=O)(=O)[O-])C(F)C(F)(F)C(F)(F)F.[Na+],2.398048596
CC(C)CCCC(C)CCO[C@@H]1O[C@H](CO)[C@@H](O)[C@H](O)[C@H]1O,2.397940009
CCCCCCCCC(CCCCCC)COS(=O)(=O)[O-].[Na+],2.395990068
CCCCCCCCCCCC(OCC)OS(=O)(=O)[O-].[Na+],2.395990068
CCCCCCCCCC[N+](CCC)(CCC)CCCC[N+](CCC)(CCC)CCCCCCCCCC.[Br-].[Br-],2.393618635
CCCn1cc[n+](COCCCCOC[n+]2ccn(CCC)c2)c1.[Cl-].[Cl-],2.39
C=CC(=O)OCC[N+](C)(C)CCCCCCCCCCCC.[Br-],2.384049948
CCCCCCCCC[N+](C)(C)CCCCC[N+](C)(C)CCCCCCCCC.[Br-].[Br-],2.381951903
CCCn1cc[n+](COCCOC[n+]2ccn(CCC)c2)c1.[Cl-].[Cl-],2.38
CCCCCCCCCC[N+](C)(C)CCCCCCCCCC[N+](C)(C)CCCCCCCCCC.[Br-].[Br-],2.3768
CCCCCCCCCCC(CCCCC)OS(=O)(=O)[O-].[Na+],2.37202001
CCn1cc[n+](COCCCCCCOC[n+]2ccn(CC)c2)c1.[Cl-].[Cl-],2.37
CCCCCCCCCCCCCOS(=O)(=O)[O-].[Na+],2.367036832
CCCCCCCCCCCC[n+]1ccc(C)c2ccccc21.[Br-],2.366531544
CCCCCCCCOCOC1[CH][C@H](O)[C@@H](O)C(O)O1,2.357041121
CCCCCCCCCCc1cc[nH+]cc1.[Br-],2.356547324
CCCCCCCCCOC(=O)C([C@@H](O)C(O)[C@@H](O)CO)[C@@H](O)CO,2.356547324
CCCCCCCCCCCC[n+]1cccc(CO)c1.[Br-],2.349692477
CCCCCCCCCCCC[N+](CCCC)(CCCC)CCCC.[Br-],2.346787486
CCCCCCCCCCCCCC[N+](C)(C)C.[Cl-],2.346787486
CCCCCCCCC(C)O[C@@H]1O[C@H](CO)[C@@H](O)[C@H](O)[C@H]1O,2.346787486
CCCCCCCCCCCC[N+](C)(C)Cc1cccc(OC)c1.[Cl-],2.337242168
CCCCCCCCCC[N+](C)(C)CCCC(=O)[O-],2.337242168
CCCCCCCCCCCC[N+](C)(C)CCCC(=O)[O-],2.337242168
CCn1cc[n+](COCCCCCOC[n+]2ccn(CC)c2)c1.[Cl-].[Cl-],2.33
CCCCCCCCCCCCc1cc[n+](C)cc1.[Br-],2.327902142
CCCCCCCCCCCCCC[N+](C)(CCO)CCCNC(=O)C(O)C(O)C(O)C(O)CO.[Br-],2.32330639
CCCCCCCCCC[N+](C)(C)C.[Br-],2.322393047
CCCn1cc[n+](COCCCOC[n+]2ccn(CCC)c2)c1.[Cl-].[Cl-],2.32
CCCCCCCCOOCC,2.309981219
O=C([O-])C(F)(F)C(F)(F)C(F)(F)C(F)(F)C(F)(F)C(F)(F)F.[Li+],2.30980392
O=C([O-])C(F)(F)C(F)(F)C(F)(F)C(F)(F)C(F)(F)C(F)(F)C(F)(F)C(F)(F)F.[Li+],2.30980392
CCCCCCCCCCCCOCCOCC[N+]1CCCCC1.[Cl-],2.30980392
CCCCCCCCOCCO,2.30980392
CCCCCCCCOCCOCCOCCO,2.30980392
CCCCCCCC(O)OCCOCCOCC,2.30980392
CCCCCCCC(O)CO,2.30980392
CCCCCCCCC(C)c1ccc(S(=O)(=O)[O-])cc1.[Na+],2.303032359
CCCCCCCCCC(CCS(=O)(=O)[O-])OCC.[Na+],2.301029996
CCCCCCCCCCOC(=O)CC[N+](C)(C)CCC(=O)OCCCCCCCCCC.[Br-],2.301029996
CC(C)CCCC(C)CCOC1OC(CO)C(OC2OC(CO)C(OC3OC(CO)C(O)C(O)C3O)C(O)C2O)C(O)C1O,2.301029996
CCCCCCSC1OC(=O)[C@H](O)[C@@H](O)[C@@H]1O,2.301029996
CCn1cc[n+](COCCCCOC[n+]2ccn(CC)c2)c1.[Cl-].[Cl-],2.3
CCCCCCCC(CCCC)c1ccc(S(=O)(=O)[O-])cc1.[Na+],2.299988938
CCCCCCCCCC(O)NCCOCCOCCOCCO,2.299036822
CCCCCCCCCCn1cc[n+](CCCC[n+]2ccn(CCCCCCCCCC)c2)c1.[Br-].[Br-],2.294992041
CCCCCCCCCCCCCC[N+](C)(C)CCCCCC[N+](C)(C)CCCCCC.[Br-].[Br-],2.292004254
Cn1cc[n+](COCCCCCCOC[n+]2ccn(C)c2)c1.[Cl-].[Cl-],2.29
CCCCCCCCCCCCCCCCCCOC(=O)[N+](CC)(CC)CC.[I-],2.288192771
CCCCCCCCCCC(CCC)OS(=O)(=O)[O-].[Na+],2.288024146
CCCCCCCCCCCCOCCOCC[N+](C)(C)C.[Cl-],2.283996656
CCCCCCCCCCC(C(=O)[O-])[n+]1ccccc1,2.283996656
CCCCCCCCCCCCCc1cc[nH+]cc1.[Br-],2.27572413
CCCCCCCCCCCCc1cc[nH+]cc1.[I-],2.27572413
CCCCCCCCCCCCC[n+]1ccccc1.[Br-],2.27572413
CCCCCCCCCCCC[n+]1ccccc1.[I-],2.27572413
CC(C)CCCC(C)CCOC1OC(CO)C(OC2OC(CO)C(O)C(O)C2O)C(O)C1O,2.27572413
CCCCCCCCCCC[N+]1(CCC#CCC[N+]2(CCCCCCCCCCC)CCCC2)CCCC1.[Br-].[Br-],2.2757
CCCCCCCCCC[N+]1(CC#CC[N+]2(CCCCCCCCCC)CCCC2)CCCC1.[Br-].[Br-],2.274987275
CCn1cc[n+](COCCCOC[n+]2ccn(CC)c2)c1.[Cl-].[Cl-],2.26
CCCCCCCCCCCCS(=O)(=O)[O-].C[N+](C)(C)C,2.259637311
CCCCCCCCCCCCCC(=O)Oc1cccc2ccc[n+](CCCCCCCCCC[n+]3cccc4cccc(OC(=O)CCCCCCCCCCCCC)c43)c12.[Br-].[Br-],2.251811973
CCCCCC(CCCCC)c1ccc(S(=O)(=O)[O-])cc1.[Na+],2.250031916
C[N+]1(CCC[Si](O[Si](C)(C)C)(O[Si](C)(C)C)O[Si](C)(C)C)CCCC1.[Cl-],2.244125144
CCCCCCCCCNC(=O)C(O)C(O)C(OC1OC(CO)C(O)C(O)C1O)C(O)CO,2.244125144
CCCCCCCCCC[N+]1(CCCC[N+]2(CCCCCCCCCC)CCCC2)CCCC1.[Br-].[Br-],2.240030142
CCCCCCCC[N+](C)(C)CCOC1OC(COC)C(OC)C(OC)C1OC.[Br-],2.238072162
CCCCCCCCOCC(O)CO,2.237021509
CCCCCCCCCCCC(=O)NC(CCCNC([N+])N)C(=O)OC.[Cl-],2.236572006
CCCCCCCCOC[C@@H](O)CO,2.236572006
CCCCCCCCOC1OC(CO)C(O)C(O)C1O,2.236572006
CCn1cc[n+](COCCOC[n+]2ccn(CC)c2)c1.[Cl-].[Cl-],2.23
CCCCCCCCC(CCCCCC)C[N+](C)(C)C.[Cl-],2.229147988
CCCCCCCCCCCC[N+](CCC)(CCC)CCCC[N+](CCC)(CCC)CCCCCCCCCCCC.[Br-].[Br-],2.229147988
CCCCCCCCCC[N+]1(CC#CC[N+]2(CCCCCCCCCC)CCCCC2)CCCCC1.[Br-].[Br-],2.2249724
CCCCCCCCCCC[N+]1(CCC#CCC[N+]2(CCCCCCCCCCC)CCCCC2)CCCCC1.[Br-].[Br-],2.2248
CCCCCCCCO[C@H]1O[C@H](CO)[C@@H](O)[C@H](O)[C@@H]1O,2.22184875
Cn1cc[n+](COCCCCOC[n+]2ccn(C)c2)c1.[Cl-].[Cl-],2.22
CCCCCCCCCCCC[N+](C)(C)CC(=O)Nc1ncncc1[N].[Cl-],2.216096421
CCCCCCCCCC[N+](C)(C)CCSCC[N+](C)(C)CCCCCCCCCC.[Br-].[Br-],2.2076
CCCCCCCCCC[N+](C)(C)CC[N+](C)(C)CCCCCCCCCC.[Br-].[Br-],2.2076
O=S(=O)([O-])C(F)(F)C(F)(F)C(F)(F)C(F)(F)C(F)(F)C(F)(F)C(F)(F)C(F)(F)F.[Li+],2.200659451
CCCCCCCCCCCCOC(=O)[N+](CC)(CC)CC.[I-],2.200659451
CCCCCCCCCCCCOCC[N+](C)(C)C.[Br-],2.200659451
CCCCCCCCCCCC(CCS(=O)(=O)[O-])COCCO.[Na+],2.199008139
CCCCCCCCCC(O)NCCOCCOCCOCCOCCO,2.193006486
CCCCCCCCCCCCCCCCOC(=O)C[N+](CC)(CC)c1ccc(C=NCCN=Cc2ccc([N+](CC)(CC)CC(=O)OCCCCCCCCCCCCCCCC)cc2)cc1.[Cl-].[Cl-],2.189767482
CCCCCCCCCC[N+]1(Cc2ccc(C[N+]3(CCCCCCCCCC)CCOCC3)cc2)CCOCC1.[Cl-].[Cl-],2.187956102
CCCCCCCCCC[N+](C)(C)CCC[N+](C)(C)CCCCCCCCCC.[Br-].[Br-],2.1871
CCCCCCCCCCCCCCC(=O)[O-].[K+],2.180456064
Cn1cc[n+](COCCCOC[n+]2ccn(C)c2)c1.[Cl-].[Cl-],2.18
CCCCCCCCCCC(CCCC)OS(=O)(=O)[O-].[Na+],2.176982477
CCCCCCCCOC1[CH][C@H](O)[C@@H](O)C(O)O1,2.173990022
CCCCCCCCOC([C@@H](O)C(O)[C@@H](O)CO)[C@@H](O)CO,2.173925197
CCCCCCSC(O)[C@H]1OC(=O)[C@@H](O)[C@@H]1O,2.173925197
CCCCCCCCCC(=O)N(C)CC(O)C(O)C(O)C(O)CO,2.173925197
CCCCCCCCCC[N+](CC)(CC)CC(=O)NCCNC(=O)C[N+](CC)(CC)CCCCCCCCCC.[Cl-].[Cl-],2.172630727
CCCCCCCCCC(CCCC)OS(=O)(=O)[O-].[Na+],2.171018046
CCCCCCCCCCCCOCC[N+]1CCCCC1.[Cl-],2.161150909
CCCCCCCCCOC1OC(CO)C(O)C(O)C1O,2.161150909
CCCCCCCCCO[C@@H]1O[C@H](CO)[C@@H](O)[C@H](O)[C@H]1N,2.15490196
Cn1cc[n+](COCCOC[n+]2ccn(C)c2)c1.[Cl-].[Cl-],2.15
CCCCCCCCCCCCOCC[N+](C)(C)C.[Cl-],2.148741651
CCCCCCCC(CCCCCCC)S(=O)(=O)[O-].[Na+],2.143996546
Cn1cc[n+](CCC[Si](O[Si](C)(C)C)(O[Si](C)(C)C)O[Si](C)(C)C)c1.[Cl-],2.13076828
CCCCCCCCOOCCOCCOCC,2.124996646
CCCCCCCCCCCC[N+](C)(C)CCCC.[Br-],2.124938737
CCCCCCCCCC[N+](C)(C)CCCCCCCC[N+](C)(C)CCCCCCCCCC.[Br-].[Br-],2.1249
CCCCCCCCCC(CCS(=O)(=O)[O-])OC.[Na+],2.117988038
CCCCCCCCCC[N+](C)(C)CCCCC[N+](C)(C)CCCCCCCCCC.[Br-].[Br-],2.113509275
CCCCCCCCCC[N+](C)(C)CCCCO[N+](C)(C)CCCCCCCCCC.[Br-].[Br-],2.1135
CCCCCCCCCCCC[n+]1ccc(C)c2ccccc21.[Cl-],2.110138279
COCCOCCOCCCC(F)(F)C(F)(F)C(F)(F)C(F)F,2.0970186
CCCCCCCCCCCCOS(=O)(=O)[O-].[Na+],2.091514981
CCCCCCCCCCCC[N+](C)(C)Cc1ccccc1CO.[Cl-],2.076238039
CCCCCCCCCC[N+](C)(C)CCCCNC[N+](C)(C)CCCCCCCCCC.[Br-].[Br-],2.0757
CCCCCCCCCC(=O)OCC(C)[N+](C)(C)CC(O)CN(CCCCCC)CC(O)C[N+](C)(C)C(C)COC(=O)CCCCCCCCC.[Cl-].[Cl-],2.074997492
CCCCCCCCCC[N+](C)(C)CCCC[N+](C)(C)CCCCCCCCCC.[Br-].[Br-],2.0605
CCCCCCC1(CCCCCC)OCC(C[N+](C)(C)C)O1.[Br-],2.059981845
CCCCCCCCCCCC[n+]1ccc(C)cc1.[Br-],2.055517328
CCCCCCCCCCCC[N+](C)(C)Cc1ccccc1.[Cl-],2.055517328
CCCCCCCCCCCCOS(=O)(=O)[O-].[Li+],2.050609993
CCCCCCCCCCCCS(=O)(=O)[O-].[NH4+],2.050609993
CCCCCC(CCCC)c1ccc(S(=O)(=O)[O-])cc1.[Na+],2.047013935
CCCCCC(CC(F)C(F)(F)F)OS(=O)(=O)[O-].[Na+],2.041006335
CCCCCCCCCCCCCCCCCC[N+](C)(C)Cc1ccccc1CO.[Cl-],2.040958608
CCCCCCCCCCn1cc[n+](C)c1.F[B-](F)(F)F,2.036212173
CCCCCCCCOCCOCCOCCOCCOCCO,2.036212173
CCCCCCCC(O)OCCOCCOCCOCCOCC,2.036212173
CCCCCCCOC([C@@H](O)C(O)[C@@H](O)CO)[C@@H](O)CO,2.036212173
CCCCCCCCCC[N+](C)(C)CCCCCC[N+](C)(C)CCCCCCCCCC.[Br-].[Br-],2.0362
CCCCCCCOC1[CH][C@H](O)[C@@H](O)C(O)O1,2.03602339
CCCCCCOC1[CH][C@H](O)[C@@H](O)C(O)O1,2.027010773
CCCCCCOC([C@@H](O)C(O)[C@@H](O)CO)[C@@H](O)CO,2.026872146
CCCCCCCC(CCCCCC)OS(=O)(=O)[O-].[Na+],2.01300446
CCCOCCOC(=O)C(N)CCC(F)(F)C(F)(F)C(F)(F)C(F)(F)F,2.00899556
CCCCCCCC(O)OCCOCCOCCOCCOCCOCC,2.004364805
CCCCCCCCOCCOCCOCCOCCOCCOCCO,2.004364805
CCCCCCCCOOCCOCCOCCOCCOCCOCC,2.004014002
CCCCCCCCCCCC(=O)Oc1cccc2ccc[n+](CCCCCCCCCC[n+]3cccc4cccc(OC(=O)CCCCCCCCCCC)c43)c12.[Br-].[Br-],2
CCCCCCCCCCCCCCCC(=O)Oc1cccc2ccc[n+](CCCCCC[n+]3cccc4cccc(OC(=O)CCCCCCCCCCCCCCC)c43)c12.[Br-].[Br-],2
CCCCCCCCCCCCCCCCCC(=O)Oc1cccc2ccc[n+](CCCCCC[n+]3cccc4cccc(OC(=O)CCCCCCCCCCCCCCCCC)c43)c12.[Br-].[Br-],2
CCCCCCCCCCc1cccc[n+]1CCCC[n+]1ccccc1CCCCCCCCCC.[Br-].[Br-],2
CCCCCCOCOC1[CH][C@H](O)[C@@H](O)C(O)O1,2
CCCCCCCOC(=O)C([C@@H](O)C(O)[C@@H](O)CO)[C@@H](O)CO,2
CCCCCCC(=O)OCC(O)C(O)C(O)CO,2
CCCCCCSC[C@@H](O)[C@@H](O)[C@@H](O)CO,1.991399828
CCCCCCCCCCCCCCOC(=O)CS(=O)(=O)[O-].[Na+],1.985899678
CCCCCCC(CC)c1ccc(S(=O)(=O)[O-])cc1.[Na+],1.966978555
CCCCCCCCCCCCn1cc[n+](C)c1.[Br-],1.962573502
CCCCCCCCCCn1cc[n+](C)c1.[Br-],1.962573502
CCCCCCCCCCCCS(=O)(=O)[O-].[Na+],1.959002308
CCCCCCCCOOCCOCCOCCOCCOCC,1.959002308
CCCCCCCCCCCCS(=O)(=O)[O-].[Li+],1.958607315
CCCCCCCCCCCC[N+](CC)(CC)CC.[Br-],1.958607315
CCCCCCCCCCCC[n+]1ccccc1.[Br-],1.943095149
CCCCCCCCCCCCc1cc[nH+]cc1.[Br-],1.943095149
CCCCCCCCCCCC[N+](C)(C)CCOC(C)=O.[Br-],1.924818145
CCCCCCSC[C@H](O)[C@H](O)[C@@H](O)CO,1.920818754
CCCCCCC(CCC)O[C@@H]1O[C@H](CO)[C@@H](O)[C@H](O)[C@H]1O,1.920818754
CCCCCCCCCC(OCC)(OCC)OS(=O)(=O)[O-].[Na+],1.910094889
CCCCCCCCC1OCC(C[N+](C)(C)C)O1.[Br-],1.910094889
CCCCCCCCc1ccc(S(=O)(=O)[O-])cc1.[Na+],1.906928694
CCCCCCCCCCOC(=O)C([N+])CCCNC([N+])N.[Cl-].[Cl-],1.886056648
CCCCCCCCOOCCOCCOCCOCCOCCOCCOCCOCCOCC,1.886056648
COCCOCCOCCOCCOCCOCCOCCOCCOCCO,1.886056648
CCCCCCCCCCC(C(=O)[O-])[N+](C)(C)C,1.886056648
CCCCCCCCCCC(O)OCCc1ccc(S(=O)(=O)[O-])cc1.[Na+],1.883060353
CCCCCCCCCCCC(=O)N(C)CC(=O)[O-].[Na+],1.879426069
CCCCCCCC[N+](C)(C)CC[N+](C)(CCCCCCCC)CC[N+](C)(C)CCCCCCCC.[Br-].[Br-].[Br-],1.866461092
CCCCCCCC[n+]1cccc(NC(=O)Nc2ccc[n+](CCCCCCCC)c2)c1.[Br-].[Br-],1.863279433
CCCCCCCC[N+](C)(C)CCC[N+](C)(C)CCCCCCCC.[Br-].[Br-],1.8601
CCCCCCCCCCCC[N+](C)(C)C.[Br-],1.853871964
CCCCCCCCCCCC[N+](C)(C)CC.[Br-],1.853871964
CCCCCCCCCCC(C)S(=O)(=O)[O-].[Na+],1.827105302
CCCCCCCCCCCCCCCCCC(=O)Oc1cccc2ccc[n+](CCCCCCCCCC)c12.[Br-],1.823908741
CCCCCCCCC[N+](C)(C)CCN(C)CC[N+](C)(C)CCCCCCCCC.[Br-].[Br-],1.823908741
CCCCCC(CCCC)O[C@@H]1O[C@H](CO)[C@@H](O)[C@H](O)[C@H]1O,1.823908741
CCCCCCCCCC[N+](C)CCO.[Br-],1.818156412
CCCCCC(=O)OCC(COC(=O)CCCCC)S(=O)(=O)[O-].[Na+],1.817015033
CCCCCCCCCCOCCOCC[N+](C)(C)C.[Br-],1.809668302
CCCCCCCCCCCC[N+]1CCCCC1.[Cl-],1.806875402
CC(C)CCCCCc1ccc(OCCOCCOCCOCCOCCOCCOCCOCCOCCOCCOP(=O)([O-])[O-])cc1.[Na+].[Na+],1.795880017
CCCCCCCCCC(=O)NC(CCCNC([N+])N)C(=O)OC.[Cl-],1.795880017
CCCCCCCCCCCCCC(=O)Oc1cccc2ccc[n+](CCCCCC[n+]3cccc4cccc(OC(=O)CCCCCCCCCCCCC)c43)c12.[Br-].[Br-],1.795880017
CCCCCCSC1[CH][C@H](O)[C@@H](O)C(O)O1,1.795880017
CCCCCCCCO[C@@H]1O[C@H](CO)[C@H](O)[C@H](O)[C@H]1O,1.795880017
CCCCCCCCCCCC[n+]1ccc(C)cc1.[Cl-],1.790484985
CCCCCCCCCCCC[N+](C)(C)CCCCCC[N+](C)(C)CCCCCC.[Br-].[Br-],1.78994915
CCCCCCCCCCOCCS(=O)(=O)[O-].[Na+],1.787013815
CCCCCCCCCC(OCC)S(=O)(=O)[O-].[Na+],1.787013815
CCCCCCCCCCC(CO)S(=O)(=O)[O-].[Na+],1.787013815
CCCCCCCCCCCOS(=O)(=O)[O-].[Na+],1.783042793
CCCCCCCCCC[N+](CCO)(CCO)CCO.[Br-],1.782516056
CCCCCCCCCCCC[n+]1ccccc1.[Cl-],1.769551079
CCCCCCCCCC[N+](CCO)CCO.[Br-],1.769551079
CCCCCCCCCCCCc1cc[nH+]cc1.[Cl-],1.769551079
CCCCCCCCC[N+](C)(C)CCOCC[N+](C)(C)CCCCCCCCC.[Br-].[Br-],1.769551079
CC(C)CCCCCc1ccc(OCCOCCOCCOCCOCCOCCOCCOCCOCCOCCOCCOCCOCCOCCOCCOCCOCCOCCOCCOCCOP(=O)([O-])[O-])cc1.[Na+].[Na+],1.744968837
CCCCCCCOCOC1[CH][C@H](O)[C@@H](O)C(O)O1,1.744968837
CCCCCCSC[C@@H](O)[C@@H](O)[C@H](O)CO,1.744727495
CCCCCCCCOC(=O)C([C@@H](O)C(O)[C@@H](O)CO)[C@@H](O)CO,1.744727495
CCCCCCCCCC[N+](C)(C)CC(=O)[O-],1.744727495
CCCCCCCCCC(CC)S(=O)(=O)[O-].[Na+],1.730020323
CCCCCCC(CCCCCC)OS(=O)(=O)[O-].[Na+],1.713992878
CCCCCCCCCCCC[N+](C)(C)C.[Cl-],1.698970004
CCCCCCCCCCCCCCCC(=O)Oc1cccc2ccc[n+](CCCCCCCCCC)c12.[Br-],1.698970004
CCCCCCCCCCCC(=O)Oc1cccc2ccc[n+](CCCCCC[n+]3cccc4cccc(OC(=O)CCCCCCCCCCC)c43)c12.[Br-].[Br-],1.698970004
CCCCCCCCO[C@@H]1O[C@H](CO)[C@@H](O)[C@H](O)[C@H]1O,1.698970004
CCCCCCCCCCCc1cc[nH+]cc1.[Br-],1.677780705
CCCCCCCCCCOCCOCC[N+]1CCCCC1.[Cl-],1.677780705
CCCCCCCCCCC[n+]1ccccc1.[Br-],1.677780705
CCCCCCCCC(=O)N(C)CC(O)C(O)C(O)C(O)CO,1.677780705
CCCCCCCC[N+](C)(C)CCOCC[N+](C)(C)CCCCCCCC.[Br-].[Br-],1.675717545
CCCCCCCCC[N+](C)(C)CCCCO[N+](C)(C)CCCCCCCCC.[Br-].[Br-],1.6576
CCCCCCCCCCOC(=O)CS(=O)(=O)[O-].[Na+],1.657577319
CCCCCCCC[N+](C)(C)CCc1cccc(CC)c1[N+](C)(C)CCCCCCCC.[Br-].[Br-],1.6459
CCCCCCCCCCOCCOCC[N+](C)(C)C.[Cl-],1.638272164
CCCC(CCC)C(O)OCCOCCOCCOCCOCCOCC,1.638272164
CCCCCCCCO[C@@H]1O[C@H](CO)[C@@H](O)[C@H](O)[C@H]1N,1.638272164
CCCCCCCCC(CCC)S(=O)(=O)[O-].[Na+],1.635073966
CCCCCCCC[N+](C)(C)CCc1c(CC)cccc1[N+](C)(C)CCCCCCCC.[Br-].[Br-],1.6289
CCCCCCCCCC(CS(=O)(=O)[O-])OCO.[Na+],1.621057301
CCCCCCCC[N+](C)(C)CCc1ccc(CC)cc1[N+](C)(C)CCCCCCCC.[Br-].[Br-],1.6108
CCCCCCCCCC(O)CCS(=O)(=O)[O-].[Na+],1.606073993
CCCC(CC(F)C(F)(F)F)OS(=O)(=O)[O-].[Na+],1.602059991
CCCCCCCCCCCC[N+](CCO)(CCO)CCO.[Cl-],1.602059991
CCCCCCCCC(O)[C@H]1OC(O)[C@H](O)[C@@H](O)[C@@H]1O,1.602059991
CCCCCCCC[N+](C)(C)CCCCCC[N+](C)(C)CCCCCCCC.[Br-].[Br-],1.5986
CCCCCCCCCCCCC(=O)[O-].[K+],1.59345982
CCCCCCCCOC(=O)C([N+])CCCNC([N+])N.[Cl-].[Cl-],1.585026652
CCCCCCCc1ccc(S(=O)(=O)[O-])cc1.[Na+],1.582030358
CCCCCCCC[N+](C)(C)CCCC[N+](C)(C)CCCCCCCC.[Br-].[Br-],1.5817
CCCCCCCC[N+](C)(C)CCCCC[N+](C)(C)CCCCCCCC.[Br-].[Br-],1.58
CCCCCCCC(CCCC)S(=O)(=O)[O-].[Na+],1.548060131
CCCCCCCCCCCC(O)CCS(=O)(=O)[O-].[Na+],1.541060138
CCCCCCCCC(CC)OS(=O)(=O)[O-].[Na+],1.538951908
O=C([O-])C(F)(F)C(F)(F)C(F)(F)C(F)(F)C(F)(F)C(F)(F)C(F)(F)F.[K+],1.537602002
O=C([O-])C(F)(F)C(F)(F)C(F)(F)C(F)(F)C(F)(F)F.[K+],1.537602002
O=C([O-])C(F)(F)C(F)(F)C(F)(F)C(F)(F)C(F)(C(F)(F)F)C(F)(F)F.[Na+],1.522878745
O=C([O-])C(F)(F)C(F)(F)C(F)(F)C(F)(F)C(F)(F)C(F)(F)C(F)(F)F.[Na+],1.522878745
O=C([O-])C(C(F)(F)F)(C(F)(F)F)C(F)(F)C(F)(F)C(F)(F)C(F)F.[Na+],1.522878745
CCCCCCCCCCOCC[N+](C)(C)C.[Cl-],1.514278574
CCCCCCCC[N+](C)(C)CCCCNC[N+](C)(C)CCCCCCCC.[Br-].[Br-],1.5086
O=C([O-])C(F)(F)C(F)(F)C(F)(F)C(F)(F)C(F)(F)F.[Li+],1.48148606
O=C([O-])C(F)(F)C(F)(F)C(F)(F)C(F)(F)C(F)(F)C(F)(F)C(F)(F)F.[Li+],1.48148606
CCCCCCCC[N+](CCCCC[N+](CCCCCCCC)CC(C)O)CC(C)O.[Br-].[Br-],1.48148606
CCCCCCCCCCOS(=O)(=O)[O-].[Na+],1.480959961
CCCCCCCCC[N+]1(CCC#CCC[N+]2(CCCCCCCCC)CCCC2)CCCC1.[Br-].[Br-],1.4634
CCCCCCCCCCCC[NH+](CCO)CCO.[Cl-],1.443697499
CCCCCCC(CCCCC)S(=O)(=O)[O-].[Na+],1.442011852
CCCCCCCC[N+](C)(C)CCSCC[N+](C)(C)CCCCCCCC.[Br-].[Br-],1.4318
CCCCCCCCCC[N+]CCO.[Br-],1.431798276
CCCCCCCC[N+](C)(C)CCN(C)CC[N+](C)(C)CCCCCCCC.[Br-].[Br-],1.431798276
CCCCCOC([C@@H](O)C(O)[C@@H](O)CO)[C@@H](O)CO,1.420216403
CCCCCOC1[CH][C@H](O)[C@@H](O)C(O)O1,1.419987887
CCCCCCCCCCS(=O)(=O)[O-].[Na+],1.398048596
CCCCCCCCCCCCCCCCCCOC(=O)C[n+]1c(N=Cc2ccc(OC)cc2)sc2ccccc21.[Br-],1.387216143
CCCCCCCCCCCCCC(=O)Oc1cccc2ccc[n+](CCCCCCCCCC)c12.[Br-],1.37675071
CCCCCCCCCC[n+]1ccccc1.[Br-],1.356547324
CCCCCCCCCCCC[NH2+]CCO.[Cl-],1.346787486
CCCCCCCC(=O)C(O)C1OC(N)C(O)C(O)C1O,1.346787486
CCCCCSC([C@@H](O)C(O)[C@@H](O)CO)[C@@H](O)CO,1.337242168
CCCCCSC1[CH][C@H](O)[C@@H](O)C(O)O1,1.336959025
CCCCCCCCC(C)OS(=O)(=O)[O-].[Na+],1.327994555
CCCCCCCC[N+]1(CC#CC[N+]2(CCCCCCCC)CCCCC2)CCCCC1.[Br-].[Br-],1.321026624
CCCCCCCCC(O)OCCc1ccc(S(=O)(=O)[O-])cc1.[Na+],1.31202538
CCCCCCCCCCCC(=O)Oc1cccc2ccc[n+](CCCCCCCCCC)c12.[Br-],1.301029996
CCCCCOC(=O)CC(C(=O)OCCCCC)S(=O)(=O)[O-].[Na+],1.27572413
CCCCC(=O)OCC(COC(=O)CCCC)S(=O)(=O)[O-].[Na+],1.238974748
CCCCCOCOC1[CH][C@H](O)[C@@H](O)C(O)O1,1.237021509
CCCCOC1[CH][C@H](O)[C@@H](O)C(O)O1,1.237021509
CCCCCCOC(=O)C([C@@H](O)C(O)[C@@H](O)CO)[C@@H](O)CO,1.236572006
CCCCOC([C@@H](O)C(O)[C@@H](O)CO)[C@@H](O)CO,1.236572006
CCCCCCCCCC(=O)OCC(O)C(O)C(O)CO,1.236572006
CCCCCCCCCOS(=O)(=O)[O-].[Na+],1.221993539
CCCCCC[N+](C)(C)CCSCC[N+](C)(C)CCCCCC.[Br-].[Br-],1.214670165
CCCCCCCCCC[N+]1CCCCC1.[Cl-],1.187086643
CCCCCCCCOC(=O)CS(=O)(=O)[O-].[Na+],1.180456064
CCCCCCCCCC[N+](C)(C)C.[Cl-],1.167491087
CCCCCCCC(=O)N(C)CC(O)C(O)C(O)C(O)CO,1.161150909
CCCCCCCC(=O)CN(N=O)C1OC(CO)C(O)C(O)C1O,1.15490196
CCCCCCCC(CS(=O)(=O)[O-])OCO.[Na+],1.143996546
CCCCCC(O)OCCOCCOCCOCCOCCOCC,1.13076828
CCCCCC[N+](C)(C)CCOCC[N+](C)(C)CCCCCC.[Br-].[Br-],1.090979146
CCCCCC(CCCCC)OS(=O)(=O)[O-].[Na+],1.080974235
CCCCCCCNC(=O)C(O)C(O)C(OC1OC(CO)C(O)C(O)C1O)C(O)CO,1.080921908
CCCCCCCC(O)NC(O)(OS(=O)(=O)[O-])[C@H]1OC(O)[C@H](O)[C@@H](O)[C@@H]1O.[Na+],1.061980903
CCCCCCCCCCCCCCCCOC(=O)C[n+]1c(N=Cc2ccc(OC)cc2)sc2ccccc21.[Br-],1.026872146
CCCCCCOOCCOCCOCCOCCOCC,1.017005545
CCCCC=COOCCOCCOCCOCCOCCOCC,1.016013078
CCCCCCCCC(C(=O)[O-])[N+](C)(C)C,1.013228266
CCCCCCCCCCC(=O)[O-].[K+],1.008773924
CCOCCOCCOCCOCCOCCOC(O)C(CC)CC,1
CCCCCCOCCOCCOCCO,1
CCCCCCCCCCCCCCCCCCOC(=O)C[n+]1c(N=Cc2ccccc2)sc2ccccc21.[Br-],0.991399828
CCCCCCCCCCCCCCCCOC(=O)C[n+]1c(N=Cc2ccccc2)sc2ccccc21.[Br-],0.974694135
CCCCCCCCCCCCCCOC(=O)C[n+]1c(N=Cc2ccc(OC)cc2)sc2ccccc21.[Br-],0.974694135
CCCCCCCCCCCCCCOC(=O)C[n+]1c(N=Cc2ccccc2)sc2ccccc21.[Br-],0.931814138
CCCCOCOC1[CH][C@H](O)[C@@H](O)C(O)O1,0.921180817
CCCCCOC(=O)C([C@@H](O)C(O)[C@@H](O)CO)[C@@H](O)CO,0.920818754
CCCCCCCCCCCCOC(=O)C[n+]1c(N=Cc2ccc(OC)cc2)sc2ccccc21.[Br-],0.906578315
CCCCCCCCCCCCOC(=O)C[n+]1c(N=Cc2ccccc2)sc2ccccc21.[Br-],0.872895202
CCCCCCCCOS(=O)(=O)[O-].[Na+],0.853871964
CCCC[N+](C)(C)CCOCC[N+](C)(C)CCCC.[Br-].[Br-],0.799970733
CCCCCC[N+](C)(C)CCCCC[N+](C)(C)CCCCCC.[Br-].[Br-],0.7959
CCCCCCCCS(=O)(=O)[O-].[Na+],0.795880017
CCCCCCOC(=O)CS(=O)(=O)[O-].[Na+],0.769551079
CCCCCCC(C)OS(=O)(=O)[O-].[Na+],0.744968837
CCCCSC1[CH][C@H](O)[C@@H](O)C(O)O1,0.744968837
CCCCSC([C@@H](O)C(O)[C@@H](O)CO)[C@@H](O)CO,0.744727495
CCCCCC(CS(=O)(=O)[O-])OCO.[Na+],0.733063089
CCCCOC(=O)CC(C(=O)OCCCC)S(=O)(=O)[O-].[Na+],0.698970004
CCCCC(CC)CC(=O)OCC(COC(=O)CC(CC)CCCC)S(=O)(=O)[O-].[Na+],0.662940274
CCCCCCCOS(=O)(=O)[O-].[Na+],0.657972312
CCCCCCCC[N+](C)(C)CC(=O)[O-],0.602059991
CCCCCCCCC(=O)[O-].[K+],0.408935393
CCCCCCOS(=O)(=O)[O-].[Na+],0.376957566
CCCCOOCCOCCOCCOCCOCCOCC,0.110026362
CCCC(O)OCCOCCOCCOCCOCCOCC,0.096910013
CCC=COOCCOCCOCCOCCOCCOCC,0.049002666
CCOCCOCCOCCOCCOCCOC(O)C(C)C,0.040958608
CCCCOOCC,0.00899556
CCCCCCCC(CC(F)C(F)(F)F)OS(=O)(=O)[O-].[Na+],2.837137007
CCCCCCCCCCCCCCOCCOS(=O)(=O)[O-].[Na+],2.8569852
CCCCCCCCCCCCS(=O)(=O)[O-].[K+],2.031517051
CCCCCCCCC1(C)OCC(C[N+](C)(C)C)O1.[Br-],1.640164518
CCCCCCCCCCC1(C)OCC(C[N+](C)(C)C)O1.[Br-],2.232102384
CCCCCCCCCCC1OCC(C[N+](C)(C)C)O1.[Br-],2.519993057
CCCCCCCCCCCC(=O)NCCC[N+](C)(C)Cc1ccccc1.[Cl-],3.591760035
CCCCCCCCCCCCC(O)Cn1cc[n+](CCO)c1.[Br-],3.15490196
CCCCCCCCCCCCCCCCOC(=O)C[n+]1cccc2ccc(CN3CCCCC3)c(O)c21.[Br-],3.301029996
CCCCCCCCCCCCCCCCOC(=O)[N+](CC)(CC)CC.[I-],2.259637311
CCCCCCCCCCCCCCCCOCC(O)C[n+]1ccn(C)c1.[Cl-],2.872895202
CCCCCCCCCCCCCCCC[N+](C)(C)C.[Cl-],2.886056648
CCCCCCCCCCCCCCCC[N+](C)(C)CCOC1OC(COC)C(OC)C(OC)C1OC.[Br-],3.677780705
CCCCCCCCCCCCCCN=Cc1ccc([N+](C)(CC)CC)cc1.[I-],2.869666232
CCCCCCCCCCCCCC[N+](C)CCO.[Br-],3.54668166
CCCCCCCCCCCCCC[N+](CC(C)O)(CC(C)O)CC(C)O.[Br-],3.671620397
CCCCCCCCCCCCOCC(O)Cn1cc[n+](CCC)c1.[Br-],3.595166283
CCCCCCCCCCCC[N+](CCC)(CCC)CCC.[Br-],2.070581074
CCCCCCCCCCCC[N+](CCC)CC(C)O.[Br-],5.954677021
CCCCCCCCCCCC[N+]1(C)CCCC1=NCCc1ccccc1.[Br-],2.542118103
CCCCCCCC[N+](C)(C)CCN=Cc1ccc(OC)c(OC)c1.[Br-],3.09420412
C[N+](C)(CCO)CCC[Si](O[Si](C)(C)C)(O[Si](C)(C)C)O[Si](C)(C)C.[Cl-],1.943095149
CCCCCCCCCCCCCCCC(=O)Oc1cccc2ccc[n+](CCCCCCCCCC[n+]3cccc4cccc(OC(=O)CCCCCCCCCCCCCCC)c43)c12.[Br-].[Br-],2.602059991
CCCCCCCCCCCCCCOc1ccc[n+](CCCCCC[n+]2cccc(OCCCCCCCCCCCCCC)c2)c1.[Br-].[Br-],4.301029996
CCCCCCCCCCCCCCOc1ccc[n+](CCCCC[n+]2cccc(OCCCCCCCCCCCCCC)c2)c1.[Br-].[Br-],4.431798276
CCCCCCCCCCCCCCOc1ccc[n+](CCCC[n+]2cccc(OCCCCCCCCCCCCCC)c2)c1.[Br-].[Br-],4.568636236
CCCCCCCCCCCCCC[N+]CC(O)COCC(C)(COCC(O)C[N+]CCCCCCCCCCCCCC)COCC(O)C[N+]CCCCCCCCCCCCCC.[Cl-].[Cl-].[Cl-],3.651695137
CCCCCCCCCCCCCC[n+]1ccc(C(=O)NCCCCCCNC(=O)c2cc[n+](CCCCCCCCCCCCCC)cc2)cc1.[Br-].[Br-],5.078313525
CCCCCCCCCCCCCCn1cc[n+](COCCCOC[n+]2ccn(CCCCCCCCCCCCCC)c2)c1.[Cl-].[Cl-],3.37
CCCCCCCCCCCCCCn1cc[n+](COCCOC[n+]2ccn(CCCCCCCCCCCCCC)c2)c1.[Cl-].[Cl-],3.34
CCCCCCCCCCCCOc1ccc(NC(=O)C[N+](C)(C)CC[N+](C)(C)CC(=O)Nc2ccc(OCCCCCCCCCCCC)cc2)cc1.[Br-].[Br-],4.463062977
CCCCCCCCCCCCOc1ccc[n+](CCCCC[n+]2cccc(OCCCCCCCCCCCC)c2)c1.[Br-].[Br-],3.769551079
CCCCCCCCCCCCOc1ccc[n+](CCCC[n+]2cccc(OCCCCCCCCCCCC)c2)c1.[Br-].[Br-],3.853871964
CCCCCCCCCCCC[N+](C)(C)CC(=O)OCCN(CCOC(=O)C[N+](C)(C)CCCCCCCCCC)CCOC(=O)C[N+](C)(C)CCCCCCCCCC.[Br-].[Br-].[Br-],3.906578315
CCCCCCCCCCCC[N+](C)(C)CCCCCC[N+](C)(C)CCCCCCCCCCCC.[Br-].[Br-],2.9872
CCCCCCCCCCCC[N+](CC)(CC)CC(=O)OCCOC(=O)C[N+](CC)(CC)CCCCCCCCCCCC.[Br-].[Br-],3.124938737
CCCCCCCCCCCC[n+]1ccc(C(=O)NCCCCCCNC(=O)c2cc[n+](CCCCCCCCCCCC)cc2)cc1.[Br-].[Br-],4.568636236
CCCCCCCCCCCCn1cc[n+](COCCCCCOC[n+]2ccn(CCCCCCCCCCCC)c2)c1.[Cl-].[Cl-],3.25
CCCCCCCCCCCn1cc[n+](COCCOC[n+]2ccn(CCCCCCCCCCC)c2)c1.[Cl-].[Cl-],3.04
CCCCCCCCCCNC(=O)C([N+])CCCNC([N+])N.[Cl-].[Cl-],1.420216403
CCCCCCCCCCOC(=O)C[N+](CC)(CC)c1ccc(C=NCCN=Cc2ccc([N+](CC)(CC)CC(=O)OCCCCCCCC)cc2)cc1.[Cl-].[Cl-],2.229884705
CCCCCCCCCCOCC(CCC[N+](C)(C)C)(CCC[N+](C)(C)C)COCCCCCCCCCC.[I-].[I-],3.568636236
CCCCCCCCCC[N+](C)(C)CCOCC[N+](C)(C)CCCCCCCCCC.[Br-].[Br-],2.181114585
CCCCCCCCC[N+](CCCCC[N+](CCCCCCCCC)CC(C)O)CC(C)O.[Br-].[Br-],1.610833916
CCCCCCCCOCC(CCC[N+](C)(C)C)(CCC[N+](C)(C)C)COCCCCCCCC.[I-].[I-],2.718966633
CCCCCCCCOc1ccc(NC(=O)C[N+](C)(C)CCCCCC[N+](C)(C)CC(=O)Nc2ccc(OCCCCCCCC)cc2)cc1.[Br-].[Br-],3.962573502
CCCCCCCC[N+](C)(C)CC(O)COCCOCCOCC(O)C[N+](C)(C)CCCCCCCC.[Br-].[Br-],2.739451627
CCCCCCCC[N+](CCCCC[N+](CCCCCCCC)(CC(C)O)CC(C)O)(CC(C)O)CC(C)O.[Br-].[Br-],2.557520231
CCCCCCCCn1cc[n+](COCCCCOC[n+]2ccn(CCCCCCCC)c2)c1.[Cl-].[Cl-],2.79
CCCCCCCn1cc[n+](COCCCCCOC[n+]2ccn(CCCCCCC)c2)c1.[Cl-].[Cl-],2.75
CCCCCn1cc[n+](COCCCCOC[n+]2ccn(CCCCC)c2)c1.[Cl-].[Cl-],2.53
CCCCCn1cc[n+](COCCOC[n+]2ccn(CCCCC)c2)c1.[Cl-].[Cl-],2.49
CCCCn1cc[n+](COCCCCCCOC[n+]2ccn(CCCC)c2)c1.[Cl-].[Cl-],2.54
CCCn1cc[n+](COCCCCCOC[n+]2ccn(CCC)c2)c1.[Cl-].[Cl-],2.41
Cn1cc[n+](COCCCCCOC[n+]2ccn(C)c2)c1.[Cl-].[Cl-],2.25
CCCC(CCC)(CCC)[Si]O[Si](C)(CCSCCOCCOCCOCCOCCOCCOCCOCCOCCOCCOCCOCCOCCOCCOCCOCCO)O[Si]C(CCC)(CCC)CCC,3.698970004
CCCCCCCCC(O)CO,2.638272164
CCCCCCCCCCCCC(O)OCCOCCOCCOCCOCCOCCOCCOCC,4.568636236
CCCCCCCCCCCCCCCCN(C)C(=O)COCOCOCO,5.111259039
CCCCCCCCCCCCCCN(C)C(=O)COCOCOCO,4.627087997
CCOCCOCCOCCOCCOCCOCCOCCOCCOCCOCCOCCOCCOCCOCCOCCSCC[Si](C)(O[Si](C)(C)c1cc[c]cc1)O[Si](C)(C)c1cc[c]cc1,4.617982957
COCCOCCOCCOCCOCCOCCOCCOCCOCCOCCOCCCSCCC[Si](C)(O[Si](C)(C)C)O[Si](C)(C)C,3.838631998
COCCOCCOCCOCCOCCOCCOCCOCCOCCOCCOCCCSCCC[Si](O[Si]C(C)C)(O[Si](C)(C)C)O[Si](C)(C)C,4.010105436
CCCCCCCC(CC)O[C@@H]1O[C@H](CO)[C@@H](O)[C@H](O)[C@H]1O,2.070581074
CCCCCCCC/C=C\CCCCCCCCN(C)C(=O)[C@H](O)[C@@H](O)[C@H](O)[C@H](O)CO,4.494850022
CCCCCCCCCCC(=O)OC(O)[C@H]1O[C@H](OC[C@H]2O[C@H](OC[C@H]3O[C@H](O[C@]4(CO)O[C@H](CO)[C@@H](O)[C@@H]4O)[C@H](O)[C@@H](O)[C@@H]3O)[C@H](O)[C@@H](O)[C@H]2O)[C@H](O)[C@@H](O)[C@H]1O,2.638272164
CCCCCCCCCCCC(=O)N(C)CC(O)CO,3.638272164
CCCCCCCCCCOC1CC(O)C(OC2OC(CO)C(O)C(O)C2O)C(CO)O1,2.698970004
CCCCCCCCCCSC1OC(=O)[C@H](O)[C@@H](O)[C@@H]1O,4.638272164
CCCCCCCCSC1OC(CO)C(O)C(O)C1O,2.070581074
CC(C)CCCCCc1ccc(OCCOCCOCCOCCOCCOCCOCCOCCOCCOCCOCCOCCOCCOCCOCCOP(=O)([O-])[O-])cc1.[Na+].[Na+],1.770062314
CCCCCCCC(CC)c1ccc(S(=O)(=O)[O-])cc1.[Na+],2.199970641
CCCCCCCC(CCCCCCC)OS(=O)(=O)[O-].[Na+],2.763966853
CCCCCCCCCC(CCS(=O)(=O)[O-])OCCC.[Na+],2.419987887
CCCCCCCCCCC=CS(=O)(=O)[O-].[Na+],1.886056648
CCCCCCCCCCCC(CC)OS(=O)(=O)[O-].[Na+],2.367036832
CCCCCCCCCCCCC(C(=O)OCC)S(=O)(=O)[O-].[Na+],2.647817482
CCCCCCCCCCCCC(CC)c1ccc(S(=O)(=O)[O-])cc1.[Na+],3.280006174
CCCCCCCCCCCCCC(=O)CCS(=O)(=O)[O-].[Na+],2.734946211
CCCCCCCCCCCCCC(CCS(=O)(=O)[O-])OC.[Na+],3.471983659
CCCCCCCCCCCCCC(CCS(=O)(=O)[O-])OCCC.[Na+],4.089002284
CCCCCCCCCCCCCC(OCC)(OCC)OS(=O)(=O)[O-].[Na+],3.070019409
CCCCCCCCCCCCCCC=CS(=O)(=O)[O-].[Na+],3.124996646
CCCCCCCCCCCCCCCC(OCC)(OCC)OS(=O)(=O)[O-].[Na+],3.628009089
CCCCCCCCCCCCCCCCCCOCCOCCOCCOS(=O)(=O)[O-].[Na+],4.301029996
CCCCCCCCCCCCOCCOCCOCCOS(=O)(=O)[O-].[Na+],2.552841969
CCCCCCCCCCCCS(=O)(=O)[O-].CCC[N+](CCC)(CCC)CCC,2.657577319
CCCCCCCCCCCOCCOCCS(=O)(=O)[O-].[Na+],2.537602002
CCCCCCS(=O)(=O)[O-].[Na+],0.495937117
CCCCCc1ccc(C[C@H](Nc2ccc(S(=O)(=O)[O-])cc2)C(=O)O)cc1.[Na+],1.853871964
O=C([O-])C(F)(F)C(F)(F)C(F)(F)C(F)(F)C(F)(F)F.[Na+],1.522878745
CCCCCCCCCCCCCCCCCC[n+]1ccccc1.[Cl-],3.619788758
CCCCCCCCCCCCCCCCCCc1cc[nH+]cc1.[Cl-],3.619788758
CCCCCCCCCCCCCC[N+](CC)(CC)CC.[Br-],2.508638306
CCCCCCCCCCOCC[N+]1CCCCC1.[Cl-],1.591760035
CCCCCCCCCC[N+](C)(C)Cc1ccccc1.[Cl-],1.408935393
CCCCCCCCCCC(CSCCSCC(CCCCCCCCCC)[n+]1ccccc1)[n+]1ccccc1.[Br-].[Br-],3.367036832
CCCCCCCCCCCC(=O)OCC(C)[N+](C)(C)CC(O)CN(CCCCCCCC)CC(O)C[N+](C)(C)C(C)COC(=O)CCCCCCCCCCC.[Cl-].[Cl-],4.266963317
CCCCCCCCCCCCCCCC[N+](C)(C)CCCCCCC[N+](C)(C)CCCCCCCCCCCCCCCC.[Br-].[Br-],4.585026652
CCCCCCCCCCCCCCCC[N+](C)(C)CCCCC[N+](C)(C)CCCCCCCCCCCCCCCC.[Br-].[Br-],4.4437
CCCCCCCCCCCCCCOC(=O)C[n+]1ccc(CCCc2cc[n+](CC(=O)OCCCCCCCCCCCCCC)cc2)cc1.[Cl-].[Cl-],3.841939206
CCCCCCCCCCCC[N+](C)(C)C(=O)NCCNC(=O)[N+](C)(C)CCCCCCCCCCCC.[Cl-].[Cl-],3.027010773
CCCCCCCCCCCC[N+](C)(C)CCC(O)C[N+](C)(C)CCCCCCCCCCCC.[Br-].[Br-],3.027010773
CCCCCCCCCCCC[N+](C)(C)CCOCCOCCOCCOCCOCC[N+](C)(C)CCCCCCCCCCCC.[Br-].[Br-],2.9101
CCCCCCCCCCCC[N+](C)(C)CCOCCOCC[N+](C)(C)CCCCCCCCCCCC.[Br-].[Br-],3.0362
CCCCCCCCCCCC[N+]1(CCCCCCCCCC[N+]2(CCCCCCCCCCCC)CCCC2)CCCC1.[Br-].[Br-],3.301029996
CCCCCCCCCCCC[n+]1ccccc1CCCc1cccc[n+]1CCCCCCCCCCCC.CS(=O)(=O)[O-].CS(=O)(=O)[O-],2.68006156
CCCCCCCCCC[N+](C)(C)CC(O)CC(O)[N+](C)(C)CCCCCCCCCC.[Br-].[Br-],2.4318
CCCCCCCCCC[N+](C)(C)CCCCCCCCCCCC[N+](C)(C)CCCCCCCCCC.[Br-].[Br-],2.6576
CCCCCCCCC[N+](C)(C)CCCCNC[N+](C)(C)CCCCCCCCC.[Br-].[Br-],1.7447
CCCCCCCCC[N+]1(CCC#CCC[N+]2(CCCCCCCCC)CCCCC2)CCCCC1.[Br-].[Br-],1.3206
CCCCCCCC[N+](C)(C)CC#CC[N+](C)(C)CCCCCCCC.[Br-].[Br-],1.5935
CCCCCCCC[N+](C)(C)CCCCO[N+](C)(C)CCCCCCCC.[Br-].[Br-],1.3565
CCCCCCCC[N+]1(CC#CC[N+]2(CCCCCCCC)CCCC2)CCCC1.[Br-].[Br-],1.450016389
CCCCCCCCn1cc[n+](CC(O)C[n+]2ccn(CCCCCCCC)c2)c1.[Cl-].[Cl-],2.360015752
CCCCCCC=COOCCOCCOCCOCCOCCOCC,1.669992299
CCCCCCCCC=COOCCOCCOCCOCCOCCOCC,2.546987609
CCCCCCCCCCCCCCCC=CC(=O)OC(CO)COC(CO)COC(CO)COC(CO)COC(CO)COC(CO)COC(CO)COC(CO)COC(CO)COC(CO)CO,4.67592342
CCCCCCCCCCCCCCCCCC(=O)OCCOCC(OCCO)C1OCC(OCCO)C1OCCO,4.677780705
CCCCCCCCCCCCCCCCCCCCCCCCCCCCCCCCCCCCCCCCCCCCCCCCCCCOCOOCCOCCOCCCCCC,4.943857738
CCCCCCCCCCCCCCCCCCOCCOCCOCCOCCOCCOCCOCCOCCOCCOCCOCCOCCOCCOCCOCCOCCOCCOCCOCCOCCO,4.013228266
CCCCCCCCCCCCCCCCCCOCCOCCOCCOCCOCCOCCOCCOCCOCCOCCOCCOCCOCCOCCOCCOCCOCCOCCOCCOCCOCCO,5.408935393
CCCCCCCCCCCCOCOC[C@H]1O[C@@H](O[C@H]2[C@H](O)[C@@H](O)[C@H](O)O[C@@H]2CO)[C@H](O)[C@@H](O)[C@H]1O,3.369979149
CCCCCCCCCCCCOOC(O)(C(O)C(O)C(O)C(O)C(O)CC)C(O)C(O)C(O)C(O)C(O)CO,3.482012797
CCCCCCCCCCOOCCOCCOCC,3.221993539
CCCCCCCCCOOCCOCCOCCOCCOCCOCCOCCOCC,2.519993057
CCCCCCCCOCOC(O)[C@H]1OC(O)[C@H](O)[C@@H](O)[C@@H]1O,2.795880017
CCCCCCCCOCOC[C@H]1O[C@@H](O[C@H]2[C@H](O)[C@@H](O)[C@H](O)O[C@@H]2CO)[C@H](O)[C@@H](O)[C@H]1O,2.580044252
CCCCCCCCOOCCOCCOCCOCC,2.062983893
CCCCCCCCSCC(CO)OCC(O)CO,2.070990015
CCCCCCOOCCOCCOCC,0.980053318
CCCCCCOOCCOCCOCCOCC,1.031984286
CCCCCCOOCCOCCOCCOCCOCCOCC,1.163992541
CCCOCCOC(=O)C(N)CCC(F)(F)C(F)(F)C(F)(F)C(F)(F)C(F)(F)C(F)(F)F,3.823908741
COCCOCCOCCCC(F)(F)C(F)(F)C(F)(F)C(F)(F)F,2.698970004
CCCCCCCC/C=C/CCCCCCCC(=O)O[C@@]1(OC2(CO)O[C@H](CO)[C@@H](O)[C@@H]2O)O[C@H](CO)[C@@H](O)[C@H](O)[C@H]1O,5.292429824
CCCCCCCC/C=C\CCCCCCCCOC1OC(CO)C(OC2OC(CO)C(O)C(O)C2O)C(O)C1O,4.698970004
CCCCCCCCCCCCCCCCCCOP(=O)([O-])OCC[N+](C)(C)CCCCCCCC,5.2291
CCCCCCCCCCCCCC[N+](C)(C)CCOP(=O)([O-])OCCCCCCCCCCCC,5.3665
CCCCCCCCCC[N+](C)(C)CCCCCC(=O)[O-],2.585026652
