smiles,IE
CN(C)c1ccc(C=O)cc1,7.3
C=C=CC#N,10.1
ClSSCl,9.66
Brc1cccs1,8.66
N#Cc1cccs1,9.83
C=CC=COC,8.03
CC=C1CCCCC1,8.44
BrCc1ccccc1,8.99
CCc1ccccc1,8.77
C=Cc1ccccc1,8.46
Cc1cc(=O)cc(C)o1,9.03
COc1c(C)cccc1C,8.1
N#Cc1ccccc1,9.73
O=Cc1ccccc1,9.5
CN(C)c1cc[n+]([O-])cc1,7
C1=CC2C3C=CC1C=CC23,8.09
CCC=Cc1ccccc1,8
CNc1ccccc1,7.32
COc1ccccc1,8.2
CSc1ccccc1,7.94
OC(c1ccccc1)C1CC1,8.31
CN(C)c1cccc2c(N(C)C)cccc12,6.7
CSc1ccc(SC)c2ccccc12,7.4
CSc1cccc2c(SC)cccc12,7.3
COc1ccccc1C=CC(=O)O,8.5
CC(C)(C)c1ccc(C(C)(C)C)cc1,8.24
CC(C)(C)c1ccccc1C(C)(C)C,8.6
O=S1c2ccccc2-c2ccccc21,8.1
C#CSC,8.3
C=CCSC,8.6
O=S1(=O)c2ccccc2-c2ccccc21,8.9
c1ccc(Oc2ccccc2)cc1,8.09
C1CCC2OCCC2C1,9
BrC1CCCC1Br,10.06
C(=Cc1ccccc1)c1ccccc1,7.66
CCCc1ccccc1,8.71
O=C=Nc1ccccc1,8.77
O=C(O)Cc1ccccc1,8.26
CN(C)Cc1ccccc1,7.69
C#CC(=C)O,8.92
[O-][n+]1c2ccccc2cc2ccccc21,7.45
CCCC=CCCCC,8.8
CCCC=CCCCC,8.81
C#CC=CC=C,9.2
C#CCC#CC,9.5
CCCCc1ccccc1,8.69
C=C1C2=CC=CC=C1C=CC=C2,7.5
c1ccc([Ge](c2ccccc2)(c2ccccc2)c2ccccc2)cc1,8.1
c1ccc([Si](c2ccccc2)(c2ccccc2)c2ccccc2)cc1,8.5
COc1ccc(Br)cc1,8.13
COc1ccc(C)cc1,7.9
CC(C)CS(=O)(=O)CC(C)C,9.54
ON=C1CCCCCCC1Cl,9.19
CCc1ccc(CC)cc1,8.4
[CH2]N,6.29
FC(F)(F)C#CC#CC(F)(F)F,10.99
CNc1ccc(C(=O)O)cc1,7.3
COc1ccccc1C=CC(C)=O,8.2
CCC(C)OC(C)=O,9.9
CC(C)C=CC(C)C,8.85
C=C=CC=C,8.88
CCC(C)=C(C)C,8.21
CCCCC(=O)CC,9.15
Brc1ccc(Br)cc1,8.82
Cc1ccc(Br)cc1,8.68
Cc1ccc(C)cc1,8.44
Cc1ccc(Cl)cc1,8.69
Cc1ccc(O)cc1,8.34
Clc1ccc(Cl)cc1,8.92
Nc1ccc(N)cc1,6.87
O=C1C=CC(=O)C=C1,10
c1ccc2c(c1)c1c3ccccc3c3c4ccccc4c4c5ccccc5c5c6ccccc6c6c7ccccc7c2c2c1c3c4c5c62,6.75
BrCCBr,10.35
CCCBr,10.18
CCCC,10.53
C=CCC,9.55
C=CC=C,9.07
C#CCC,10.18
C=CC=O,10.11
CCCS,9.2
ClCCBr,10.57
C=CCCl,10.05
ClCCCl,11.07
C#CC#N,11.62
CCCI,9.26
CCC#N,11.85
C=CC#N,10.91
C=CCO,9.67
C#CCO,10.5
N#CC#CC#N,11.81
O=CC=O,10.2
CC1CS1,8.85
CN1CC1,8.7
C[Si]1(C)CCCC1,9
C=COC,8.95
O=C1CCSCC1,8.9
C1=CCCCC=CC1,8.5
COC=O,10.84
ON=C1CCCCCCC1,8.8
c1cc2c(c3c1CCC3)CCC2,8.09
CCCC(C)=O,9.38
CCCC(=O)O,10.17
CC=CC(=O)O,9.9
c1c2c(cc3c1CCCC3)CCCC2,7.86
CCC[N+](=O)[O-],10.78
C=COC(C)=O,9.2
CC(=O)CC(C)C,9.3
CC(C)OC(C)C,9.2
CC(=O)OC(C)C,9.99
Brc1cccc(Br)c1,9.01
Cc1cccc(C)c1,8.55
Cc1cccc(O)c1,8.29
Oc1cccc(Cl)c1,8.65
Cc1cccc(N)c1,7.54
Cc1cccc(C)n1,8.86
Cc1cc(C)cc(C)c1,8.4
Clc1cc(Cl)cc(Cl)c1,9.3
CN1CN(C)CN(C)C1,7.6
CC(C)CC(=O)CC(C)C,9.01
BrC1CCCCC1,9.87
Brc1ccccc1,9
CC1CCCCC1,9.64
Cc1ccccc1,8.83
Clc1ccccc1,9.07
O=C1CCCCC1,9.16
Oc1ccccc1,8.49
Sc1ccccc1,8.3
Cc1cccnc1,9
Brc1ccccn1,9.7
CC1CCCCN1,7.9
Clc1ccccn1,9
CCCCBr,10.13
CCCCC,10.28
C=CCCC,9.49
CCCCCl,10.64
CCCCN,8.73
C=CCC#N,10.2
N#CCC#N,12.8
CCCCS,9.14
CCOC=O,10.61
c1cc[nH]c1,8.21
C1CCOC1,9.4
c1ccoc1,8.88
C1CCSC1,8.38
c1ccsc1,8.86
CN(C)CCN(C)C,7.59
CCCCCC(C)=O,9.27
CCCCCBr,10.1
CCCCCC,10.13
CCCCC=O,9.74
COCCOC,9.3
CCCOC=O,10.54
C1CCCCC1,9.88
C1=CCCCC1,8.94
c1ccncc1,9.26
C1=COCCC1,8.35
C1CCNCC1,8.03
C[SiH2]C,10.3
C=C[Si](C=C)(C=C)C=C,9.3
CCCCCCN,8.6
CCCOCCC,9.3
C=CC(C)C=C,9.4
COC(=S)OC,8.7
CCCCCCCC,9.8
C=CCCCCCC,9.43
CNOC,8.92
COCC(C)(C)C,9.3
CCCCCCCCC,9.71
CC(C)(C)C(=O)CC(=O)C(C)(C)C,7.9
CC#CC=O,10.2
CCCCCCCCCCC,9.56
C=C1CCC1,9.16
CC1C=CCC1,8.95
Brc1ccncc1,9.94
CN=c1cc[nH]cc1,8.75
O=C1CC=CC=CC1,8.24
Cc1ccc(O)cn1,9.15
CC(=O)c1ccncc1,9.3
CC(=O)c1ccccn1,8.9
O=S=Nc1ccccc1,8.8
COc1cc[n+]([O-])cc1,7.5
CN(C)CCc1ccccc1,7.7
C1=CCCCCCCCCCC1,8.78
Cc1ccnc(-c2cc(C)ccn2)c1,8.2
O=C(c1ccccc1)c1ccc(O)cc1,8.3
c1ccc(C2CC2c2ccccc2)cc1,8.05
c1ccc(C2CC2c2ccccc2)cc1,8.2
CC(C)(C)c1cc(O)cc(C(C)(C)C)c1,7.9
C=CC,9.73
COC,10.02
C=C(C)C,9.22
FC(F)=C(F)F,10.14
FC(F)=C(F)C(F)(F)F,10.6
Clc1c(Cl)c(Cl)c(Cl)c(Cl)c1Cl,9
CSCC(N)C(=O)O,8.4
CC=NCC,9.29
O=C1CCC1,9.35
CCC1CC1,8.96
[N-]=[N+]=C1C=CC=C1,8.09
ON=C1CCCC1,8.92
C=C1CCCCC1,8.93
CC1(C)CCCNC1,8.05
CS(=O)c1ccccc1,8.5
C=C1CCc2ccccc21,8
CC12CCC(C1)C(C)(C)C2=O,8.5
O=C(c1ccccc1)c1ccccc1,9.08
c1ccc2c(c1)CCCC2,8.46
c1ccc2cnccc2c1,8.53
CN(C)c1ccc(C#N)cc1,7.6
c1ccc2cc3ccccc3cc2c1,7.44
[C+]#[C-],11.4
c1ccc2[nH]ccc2c1,7.76
O=C1CCCC1,9.26
N#Cc1c2ccccc2cc2ccccc12,7.8
CCN(CC)CC,7.53
COP(OC)OC,8.4
C1=CC2C=CC1C2,8.38
CN(C)c1ccccc1,7.12
c1ccc(Nc2ccccc2)cc1,7.19
CCOP(OCC)OCC,8.3
CC(=O)C=Cc1ccccc1,8.8
CCCC(=O)CCC,9.1
[C]#P,10.5
Oc1ccc(O)cc1,7.94
CCC=O,9.96
CN=CO,9.83
CC(=O)CC(C)=O,8.85
CCCC=O,9.82
C1COCCO1,9.19
CCCCCCCCCC,9.65
O=C=O,13.78
CNC,8.24
ClC(Br)Br,10.59
ClC(Cl)=C(Cl)Cl,9.33
O=S(=O)(c1ccccc1)c1ccccc1,9.16
c1cc2ccc3cccc4ccc(c1)c2c34,7.43
O=C1C=CC(=O)c2ccccc21,9.5
CNc1c(C)cc(C)cc1C,7.22
Cc1cc(C)c(N(C)C)c(C)c1,7.24
C(#Cc1ccccc1)C=Cc1ccccc1,7.5
CC=CCC(C)C,8.92
CC1CCCCCC1C,10.31
CC1CCCCCC1C,10.21
CC1CCCCC(C)C1,10.41
O=S1CCC1,8.5
[O-][n+]1ccccc1O,8.9
O=S=Nc1ccc(Cl)cc1,8.8
C=C=COC,8.64
CC#COC,8.79
C[Si](C)(C)c1ccc([Si](C)(C)C)cc1,8.45
CC=C(C)C(=O)O,9.5
COCCCO,9.3
CC1(C)C(=O)C2CCC1C2,8.6
CCC=CCC,8.96
CC[SiH](CC)c1ccco1,8.1
O=CCCc1ccccc1,8.7
CC=CCCCCC,8.91
CN1CCN=C1S,7.7
[CH-]=[F+],10.06
BrC12CCC(CC1)C2,9.6
Oc1ccc2ccccc2c1,7.87
c1ccc2cc3cc4cc5ccccc5cc4cc3cc2c1,6.63
CCCS(=O)(=O)c1ccccc1,9.21
CCC(C)c1ccccc1,8.68
COc1ccc(OC)c(CC(C)N)c1,7.1
C=C=CC(C)C,9.06
C[Si]1(C)c2ccccc2-c2ccccc21,7.4
CC(C)(C)P(Cl)C(C)(C)C,8
CC(C)(C)c1c2ccccc2cc2ccccc12,7.13
CCOc1ccnc2ccccc12,8.1
C=CC#CCC,8.91
CC#CC#N,10.78
[O-][N+](F)(F)F,13.31
O=C=NCl,10.72
C1=CN2CCC1CC2,8.02
CCC=CN1CCCC1,6.7
c1ccc2c(c1)C1CC2C1,8.26
c1ccc(Sc2ccccc2)cc1,7.85
CCCC(C)OO,9.35
N#CCc1ccccc1,9.39
NCCO,8.96
Nc1cccc[n+]1[O-],8.04
CC1(c2ccccc2)CC1c1ccccc1,7.9
CC1(c2ccccc2)CC1c1ccccc1,7.9
CCOC(C)=O,10.01
CC(=O)C=C(C)C,9.1
c1ccc2c(c1)OCCOCCOc1ccccc1OCCOCCO2,7.6
CCc1cccc(CC)c1,8.49
Oc1ccccn1,8.45
ClCCCCl,10.89
C1=CCCC1,9.01
C#CC(C)=O,10.17
C1CCOCC1,9.25
C#CC(=CC)CC,8.7
CCCCCCC,9.93
C=C1CCC1=C,8.4
C=C[CH]C=C,7.25
Br[CH]Br,8.3
CN1CC2(C)CN(C)P1N(C)C2,6.8
CC1CC(C)CN(C)C1,7.63
CCC1C2CC3CC(C2)CC1C3,9.2
COC(C)(OC)OC,9.65
CN1CCC(=O)CC1,8.3
CC12COP(OC1)OC2,9.2
C[Si](C)(C)[Si](C)(C)C,8.27
c1ccc2cc3c(cc2c1)cc1c2cccc4c5cc6ccccc6cc5c5ccc6ccc3c1c6c5c42,6.72
CCC1=CCCCC1,8.48
O=C(c1ccccc1)c1ccncc1,9.6
C=CCC1C=CCC1,8.89
[O-][n+]1ccccn1,8.89
CC(C)(C)c1ccc(C(C)(C)C)c(C(C)(C)C)c1,8.6
c1cc2c3c(cccc3c1)C1C2C2c3cccc4cccc(c34)C12,7.48
CN(C)C#N,9
CC(=O)c1ccsc1,9.32
c1ccc2c3ccc(c2c1)CCc1ccc(c2ccccc12)CC3,7
C1=CC2(CC1)CCC2,8.65
CN1CC2CC(C1)CN(C)C2,6.8
CCC=CCCCC,8.85
CCCC=CCCC,8.84
C1=CCCCCCCCCCC1,8.74
Fc1cccc(F)c1F,9.7
COc1ccc[n+]([O-])c1,8.4
CCC=CCCCC,8.85
Cc1ccoc1C,8.25
COC(OC)OC,9.5
NC(Cc1ccccc1)C(=O)O,8.4
c1cc2c3c(cccc3c1)C1C2C2c3cccc4cccc(c34)C12,7.58
COc1ccc(OC)cc1,7.56
[CH2]C(=C)C,7.9
C(=Cc1ccccn1)c1ccccc1,8.15
O=C(Br)C(=O)Br,10.49
CCC#CCCCC,9.22
CCCCCCCC1=CCCCC1,8.37
C=C(c1ccccc1)c1ccccn1,8.65
CC=C1CCC1,8.7
C=C1CCCC1,8.55
N#CCc1cccc(Cl)c1,9.48
[O-][n+]1ccc2ccccc2c1,7.9
CSC(C)=O,9.5
BrC12c3ccccc3C(c3ccccc31)c1ccccc12,7.9
CC(=O)CN(C)C,7.71
C1=CC2(C=C1)CCC2,8.2
CC(C)N=NC(C)C,8
CCc1ccc[nH]1,7.97
CCCc1cccs1,8.6
O=c1ccc(=O)c1=O,9.3
IC1CCCC1,9.08
CC(=S)C1CCCCC1=O,7.8
CCC=Cc1ccccc1,8.15
Brc1c2ccccc2cc2ccccc12,7.58
ClC=CCl,9.66
ClC=CCl,9.64
CN(C)CCC(C)(C)C,8.3
OC=CO,9.62
N=C(S)c1ccccc1Cl,8.8
C#Cc1cccc2ccccc12,8.03
C1C2CC12,8.7
C1CC12CC2,9.26
C=CC=CC,8.62
CC(=O)C=Cc1cccc(C)c1,8.6
Cc1ccc2c(ccc3cc(C)ccc32)c1,7.98
BrC1=CC=CC2=C(Br)C=CC=C1C2,7.85
CC[C]=O,5.7
CN(C)Cl,8.75
C=CCc1ccccc1C,7.78
CCC(C)CC=O,9.68
C1CC2CC1C1C3CCC(C3)C21,9
O=C(C(=O)C1CC1)C1CC1,8.8
CCCCc1cccc(C)c1,8.42
CCCCc1ccc(C)cc1,8.35
O=S1CCCC1,8.5
Brc1ccc(N=Nc2ccc(Br)cc2)cc1,9.24
CN(C)P(=O)(Cl)N(C)C,8.61
C=CC(=O)C(C)C,9.39
C1CCC2OCCOCCOC3CCCCC3OCCOCCOC2C1,8.6
CN(C)P(N(C)C)N(C)C,6.7
Cc1cccc2[nH]ccc12,7.6
C1CCc2c(c3c(c4c2CCCC4)CCCC3)C1,7.7
c1c2c(cc3c1CC3)CC2,8.17
CCCC=NCC,9
CC(C)C#Cc1ccccc1,8.35
CC=CCC(=O)O,9.41
CSCSC,8.4
O=C1Cc2ccccc2C1=O,8.8
C[Si]1(C)C[Si](C)(C)C1,8.56
COc1ccccn1,8.7
C=CC(=O)CC,9.5
FC=CF,10.2
CC1(C)CC1,8.98
c1cc2ccc1CCc1ccc(cc1)CC2,7.8
CCOP(OCC)c1ccccc1,8.2
CCC[O],9.2
N#Cc1ccc2c(c1)C1C=CC2C1,8.7
[CH2]Br,8.61
[CH2]OC,6.94
C#CCCc1ccccc1,8.5
C1CC2CC1C1CCC21,8.8
CC12C=CC(C)(C1)C1(C)CCC21C,8.3
CC1CC(C)CN(C)C1,7.66
OC1CC1,9.1
Nc1ccc[n+]([O-])c1,8.21
CN1CCCN(C)C1=S,7.3
C#CC=CC#C,9.1
C#CC=CC#C,9.07
FC1C2CC3CC(C2)CC1C3,9.46
CC(=O)c1c(C)cc(C)cc1C,8.2
CCC=C(CC)CC,8.48
CC(C)CC1CCCCC1,9.54
C[C](C)c1ccccc1,6.6
COc1cccs1,8.02
CC(C)(C)c1cccs1,8.3
c1ccc2c(c1)ccc1ccc3ccc4ccc5ccc6ccccc6c5c4c3c12,7.25
CC(=O)C=Cc1ccccc1C,8.5
C=CC=Cc1ccccc1,8.06
C1=CCCCCC=C1,8.4
CC1=C(Cl)C(=O)c2ccccc2C1=O,9.4
[O-][n+]1cccnc1,8.8
Cc1cc2c3ccccc3ccc2c2ccccc12,7.44
COCCCOC,9.3
c1ccc(N=Nc2ccccc2)cc1,8.2
OC1CCCCCCCCCCC1,9.26
COc1ccc(N=[N])cc1,7.28
c1ccc2c(c1)C1CCc3ccc(c4ccccc34)CCC2CC1,7.3
COCC#N,10.75
CN(C)P1OCCCO1,7.8
C1COCCOCCOCCOCCOCCO1,8.9
S=C1SCCCS1,8.2
CC(C)(C)C#CC(C)(C)C,8.98
C1=C2CCCC(CC1)C2,8
C1CCC2CC3CCCCC3CC2C1,8.8
O=C(O)C1CC1,10.64
C=C(C)C#CCCC,8.62
C=CC#CCCCC,8.83
C=CC=CC=CC,7.96
C=C[CH]CC,7.3
C#Cc1cccc(C#C)c1,8.82
C[Si](C)(C)c1ccc([Si](C)(C)C)s1,7.8
O=C1C(=O)C2C=CC1C2,8.4
C#Cc1cccc2cccc(C#C)c12,7.88
CC(=O)C=Cc1ccc(I)cc1,8.4
CN(C)C[Si](C)(C)C,7.61
Cc1ccc2[nH]cc(CCN)c2c1,7.6
C=CSC,8.2
C[Si](C)(C)c1cccs1,8.1
CO[Si](C)(C)C,9.61
CC=C(C)C(C)=CC,7.8
CCC=NCC,8.7
CNc1cccnc1,8.53
C[Si]1(C)c2ccccc2Oc2ccccc21,8
c1ccc(C[Se]Cc2ccccc2)cc1,7.8
CSc1ccccn1,8.24
C#Cc1ccccc1-c1ccccc1C#C,8.2
C1=CCOOC1,9.5
C1=CC=CCCC=C1,7.9
Fc1nccs1,11.51
O=c1ccc2cocc2cc1,8.65
C=C=CCO,8.74
FC1(F)C2=CC=CC=C1C=CC=C2,8.19
CCCC[O],9.22
c1cc2ccc3ccc4ccc5ccc6ccc1c1c2c3c4c5c61,7.29
Cc1ccc(O)c(N=Nc2cccc(Cl)c2)c1,7.7
c1cc2ccc3ccc4ccc5cccc6c(c1)c2c3c4c56,7.17
C1CCC2CC3CCCCC3CC2C1,9
CCC=CCCCCCC,8.83
Cc1ccccc1N1CCC1,7.1
Cc1cccc(C)c1N1CCC1,7
BrC1CCCCC1Br,9.94
CCC=CCCCCCC,8.83
CCCC=CCCCCC,8.78
CCCC=CCCCCC,8.78
CCCC#CCCC,9.2
CCCCC#CCCCC,9.13
CC#CCCCCCC,9.3
CCC(C)=C(C)CC,8.17
CCC(C)=C(C)CC,8.16
C1[C]2CC3CC1CC(C2)C3,6.21
CCCCC#CCCCCCC,9.09
CC=C(C=O)CC,9.53
CCCCC(CC)=C(C)C,8.1
CCC(CC)=C(C)C,8.17
CCCCCC(C)=C(C)C,8.13
[CH2]C=C,8.13
c1cc2cccc3c4cccc5cccc(c(c1)c23)c54,6.96
O=C(C(=O)C(=O)c1ccccc1)C(=O)c1ccccc1,8.5
CC(C)(C)C(=O)C(=O)C(=O)C(=O)C(C)(C)C,8.5
N#CC#CCl,10.8
N#CC#CI,10.1
Cc1ncnc2[nH]cnc12,8.9
C=CC=CC,8.59
CCC=CCCCCC,8.84
CC=CCCCCCCC,8.9
c1ccc(C2CCC2c2ccccc2)cc1,8.2
C[SiH](Cl)Cl,11.47
CCCCCCCCCCN,8.63
CCC#CCCCCC,9.2
CCCC#CCCCC,9.17
C1=CC(c2ccccc2)C1,8.42
COP(OC)N(C)C,8.1
C=CC=CCC,8.51
CCC=CCCCCC,8.84
C[CH]C,7.37
[CH2]C,8.12
CCC=C=O,8.8
CC(C)(C)c1cc(C(C)(C)C)nc(C(C)(C)C)c1,8.2
CC=CCCCCCCC,8.9
C=Cc1c(C)cccc1C,8.1
c1ccccccccccccccccc1,6.6
O=CC1CCCCC1,9.6
C=C1CC(=C)C1,8.7
c1ccc2c(c1)ccc1ccc3ccc4ccc5ccc6ccc7ccccc7c6c5c4c3c12,7.15
c1ccc2c(c1)ccc1ccc3ccc4ccc5ccc6ccc7ccc8ccccc8c7c6c5c4c3c12,7.07
C=N,9.88
S=C1OCCO1,8.6
c1ccc2c(c1)-c1cccc3cccc-2c13,7.9
CCCCc1ccc(C#N)cc1,10.08
CCCCc1cccc(C#N)c1,9.77
CC1(C)C(=O)C(=O)c2ccccc21,8.5
C12C3C1C1C4C1C3C24,8.18
CCC(C)(C)C(C)=O,9.02
C=C1C=CC=CC1,7.9
Oc1ccc(N=Nc2ccccc2)cc1,7.6
CN(C)c1cccc2cccc(N(C)C)c12,6.45
[C]#N,13.6
CC(=O)C=Cc1ccccc1Cl,8.8
CC(=O)C=Cc1ccccc1[N+](=O)[O-],9
COc1cccc[n+]1[O-],8.21
O=C1SCCS1,9.2
CC1(C)Cc2ccccc2C1,8.47
C1=Cc2cccc3cccc1c23,8.12
c1cc2cccc3ssc(c1)c23,7.1
C1CSCCOCO1,8.67
CC#CC(C)C,9.31
CN1C(=O)C(=O)N(C)C1=S,8.6
[O]c1ccccc1,8.56
[C]#C,11.61
CC=C(C)C(C)=CC,8.1
c1ccc2c(c1)ccc1c2ccc2c3ccccc3ccc21,7.51
O=C1C(=O)C23CC=CCC12CC=CC3,8.3
O=C1C(=O)C23CC=CCC12CCCC3,8.1
O=C1C(=O)C23CCCCC12CCCC3,8.5
C1CC12CCC21CC1,8.4
[CH2]CC,8.09
C[O],10.72
CC(=O)C=Cc1ccccc1F,8.9
CCC1=CCCC1,8.53
O=S1(=O)CS(=O)(=O)C1,10.6
[CH]1C2CC3CC1CC(C2)C3,6.73
C=C1[CH]C=CC=C1,7.24
F[C-]=[F+],11.44
[CH2]CC=C,8.04
ClN1CCCCC1,8.5
ON=C1CCCCCC1,8.88
c1ccc2c(c1)C1=C2CCCC1,7.7
CSC(C)=S,8.1
c1ccc2c(c1)c1ccccc1c1ccccc21,7.87
C#Cc1ccccc1C#C,8.69
c1ccc2c(c1)ccc1c3ccccc3ccc21,7.6
C1=CCCCCCCCC1,8.8
C=C=C=C=C,8.67
CCCN=C(C)C,8.31
CCCC#CCCCCCCC,9.14
C#CC=CN(C)C,7.7
CC1CCCC(C)C1,9.53
CC(C)(C)S(=O)C(C)(C)C,8
C=C(C)CC(C)C,9.03
CC1(c2ccccc2)CC1,8.57
COc1cccc2ccccc12,7.7
CCCN(CCC)c1ccccc1,6.93
COc1cc(OC)c(OC)cc1CC(C)N,7
CC1(C)CC(O)CC(C)(C)N1[O],7.4
N=C(S)c1ccccc1,8.8
[CH3],9.84
CC(=O)c1c(C(C)C)cc(C(C)C)cc1C(C)C,8
CC1CCC(C)C(C)C1,9.38
CC#Cc1cccc2cccc(C#CC)c12,7.48
N#Cc1cccc(N)c1,8.61
N#C[O],11.76
CC(C)(C)C=CC=CC(C)(C)C,8.23
N#CN=C=O,11.49
CC1(C)CCC(C)(C)OO1,9.2
CC1(C)CC(C)(C)OO1,8.9
Nc1cccc2c(N)cccc12,6.74
C#CCCCCCCCCC,9.9
[O-][N+]1=NC2CCC1C2,9.2
O=C(Cl)c1c(F)c(F)c(F)c(F)c1F,9.8
C=CC(=C)c1ccccc1,8.15
CCCCC#CCCCCC,9.11
C[Si]1(C)CCC1,8.83
CC1C[Si](C)(C)C1,8.67
SC1=NCCC1,8.14
C=C(C)C#CCC,8.66
O=c1sccs1,8.6
CSC(=S)SC,7.9
FC(F)(F)I,10.28
c1cc2cc(c1)CCc1cccc(c1)CC2,7.9
CCN(C)N(C)CC,6.75
C[CH]O,6.7
C=C1[CH]C(C)=CC=C1,7.12
C=C1[CH]C=CC=C1C,7.07
CC=C1[CH]C=CC=C1,6.9
C=C1C=C[C](C)C=C1,6.96
C[CH]CC,7.25
CC(C)(C)c1cc[n+]([O-])cc1,7.8
Fc1cc(F)c(F)c(F)c1,9.55
COc1ccc(CC(C)N)c(OC)c1,7.4
C1SCSCSCSCS1,7.6
C1SCSCSCS1,7.8
OC(C(F)(F)F)(C(F)(F)F)C(F)(F)F,12.25
Cc1ccc2cc3c(ccc4ccccc43)cc2c1,7.31
Cc1cccc2cc3c(ccc4ccccc43)cc12,7.33
CC#CCCCCCCC,9.3
CCC#CCCCCCC,9.19
CCCC#CCCCCC,9.17
C=CC=CCCC,8.47
CSc1ccccc1SC,7.7
O=[N+]([O-])C1=CC=C=C[CH]1,9.06
[c]1ccccc1,8.32
COC1=CC=C=C[CH]1,8.32
C#CCCCC#C,9.85
C1COCCN2CCOCCOCCN(CCO1)CCOCCOCC2,7.5
C1COCCOCCNCCOCCOCCN1,8
C1CCC2(CC2)C2(C1)CC2,8.5
CC(C)=CN1CCCC1,6.8
CC(C)(C)N([O])C(C)(C)C,6.77
ClC1(Cl)CC1c1ccccc1,8.7
c1ccc(C2=C(c3ccccc3)C2)cc1,7.45
[CH]1CC1,8.18
CC=C(C)C(C)=CC,8
Cc1c2ccccc2cc2ccc3ccccc3c12,7.27
[O-][n+]1ccncc1,9
CCCCC(C)OO,9.25
Cc1cc2ccc1CCc1ccc(cc1)CC2,7.6
c1cc(-c2ccncn2)ncn1,9
N#CC(C#N)(C#N)C#N,13.94
C=CCCCCCCCCCCC,9.38
CC1CCCC(C)N1C,7.77
C1=CC2(C=C1)CC=CC2,8.2
C1=CC=C2C=CC=CC(=C1)C2,7.7
C#CCC#C,10.1
CC=CN1CC1,8
[CH2],10.4
FC(F)N(F)F,11.5
Cc1cc2ccccc2cc(C)c1=O,8.1
Cc1ccc(O)c(N=Nc2ccc(Cl)cc2)c1,7.7
C[CH]CCC,7.1
[CH2]CCC,8.02
CC=CC(=O)CC,9.32
C1CC2(CC2)C2(C1)CC2,8.3
Cc1ccc2ccc3cc4ccccc4cc3c2c1,7.3
CC(C)(C)P,8.9
CC1(C)C=Cc2ccccc2O1,7.8
O=[N+]([O-])c1cccnc1,10.3
Cc1ccc2c(ccc3ccccc32)c1,7.7
C1CCN2CCCCN(C1)C2,7
C1CCN2CCCN(C1)C2,7
c1ccc2ncncc2c1,9.03
C1CC12CC1(CC1)C2,8.8
O=c1c2cc3ccccc3cc1CCCCC2,8
CCCC(C)C(C)=O,9.2
ClC#CI,9.44
CC1(C)CCCC(C)(C)N1[O],6.73
O=[C]O,8.2
CCC#CCCC,9.26
[CH2]O,7.56
[CH]=O,8.12
c1ccc2c(c1)-c1ccccc1-2,7.58
CC(C)(C)P(Cl)Cl,9
COc1cc(CC(C)N)c(OC)cc1C,6.8
c1ccc2nc3ccccc3cc2c1,7.8
CN1CCCCN1C,6.75
C#CCCCCCCCCCCC,9.9
c1ccc2c(c1)Oc1ccccc1O2,7.6
c1c[se]nn1,8.9
CCC(C=O)C(C)C,9.44
C=CC(C=C)C=C,9.1
CC1(C)CN1,8.94
[CH]=C,8.25
F[CH]F,8.78
[CH2]CCCC,7.85
[CH2]CCCCC,7.92
CCOC(C)CC,9.32
OC1=NCCS1,9.2
O=NCl,10.9
C#CF,11.26
O=C1CC2CCC1CC2,8.8
c1c2cc3cc1CCc1cc(cc(c1)CC3)CC2,7.4
c1ccc2occc2c1,8.36
C1CC2CC1N=N2,8.45
C1=CC2c3ccccc3C1c1ccccc12,7.7
C1CCC2OCCC2C1,9
CCCC=C(C)C,8.62
c1ccn2cccc2c1,7.24
Cc1cc(C)cc(CCl)c1,8.63
C#CC(=CCC)CC,8.54
c1ccc2cccc-2cc1,7.42
C1CC1=C1CC1,8.5
CC1SC(C)SC(C)S1,8
CC(=CC(C)(C)C)CC(C)(C)C,8.35
C12C3C4C1C1C2C3C41,8.56
c1ccc2c(c1)ccc1c2c2ccc3ccccc3c2c2ccc3ccccc3c12,7.19
C1=CC1,9.67
CN(C)C(=S)N(C)C,7.5
C=CC(C)=CC,8.37
C1CC2CCC1C2,9.77
O=C1CC2CC1CC2=O,9.26
C1CC2CCC1CC2,9.47
C1CN2CCN1CC2,7.32
CCC1C=CCCC1,8.83
CC#CCCCCC,9.31
CC#CC#CC,8.92
FN(F)C(C(F)(F)F)(C(F)(F)F)C(F)(F)F,10.4
C1C2CC3CC1CC(C2)C3,9.25
CC[SiH3],10.18
C1CC2CCC(C1)CC2,9
Nc1ccccc1C(=O)c1ccccc1,8.25
C1CC2CCC1CCC1CCC(CC1)CC2,9.1
COc1ccc(C=Cc2ccc(N(C)C)cc2)cc1,6.16
CC(=O)C1CCC=C(C)O1,8.62
CC#CCCCCCCCCCC,9.28
C1CC2CC2C1,9.16
C[Si](C)(C)Br,10
C1CC2CC1C2,9.7
C1CCC2CC2C1,9.03
C1CCC2OC2C1,9.82
c1cc(-c2cncnc2)ncn1,9
c1ccc2cc3c(cc2c1)C3,8.03
C1CC2C3C(C1)C23,8.72
C1CCC1,9.8
C1CSC1,8.61
C=C=C=C,9.15
C1SCS1,8.5
C=C(C)CN,8.8
C1CCCC1,10.33
c1cn[nH]c1,9.25
c1cnoc1,9.96
c1cnsc1,9.55
c1c[nH]cn1,8.81
c1c[nH]nn1,10.06
NCCC(=O)O,8.8
c1nc[nH]n1,9.8
c1nn[nH]n1,10.95
C1OCOO1,10.1
CCN=CC(C)C,8.5
CC(C)(C)C(=C(C(C)(C)C)C(C)(C)C)C(C)(C)C,8.17
O=c1c(Cl)c(Cl)c1=O,9.5
[CH]1C=C1,6.6
C1=COC=CC1,8.4
CC1(C)CC(=O)CC(C)(C)N1[O],7.4
c1ccnnc1,8.74
c1cncnc1,9.33
c1cnnnc1,9.3
c1cnccn1,9.29
c1cnncn1,9.2
C1=COC=CO1,7.75
C1=CSC=CS1,7.7
c1ncncn1,10.01
c1nncnn1,9.14
CN(C)c1ccc(C(C)(C)C)cc1,6.9
C1SCSCS1,7.7
CC(C)(C)P(F)C(C)(C)C,8.2
CC(C)(C)P(F)F,9.2
C1=CC2(C=Cc3ccccc31)CC2,8
CC1(C)OCCO1,9.2
C1CCCCCC1,9.9
OC1CCC1,9.25
C[Si]1(C)Oc2ccccc2-c2ccccc21,7
C1CCCCCCC1,9.75
C=C1C=CC(C)(C)C=C1,8
C#C[CH2],8.67
C=C=[N],10
C1CCCCCCCCC1,9.6
[C-]#[S+],11.33
C=C(C)O,8.64
C1CCCCCCCCCCC1,9.72
Cc1ccc(CC#N)cc1,9.16
C#Cc1ccc2ccccc2c1,8.11
C1COCCOCCOCCO1,8.8
COc1ccc(C)cc1N=Nc1ccc([N+](=O)[O-])cc1,7.8
C1CNCCNCCCNCCNC1,7.8
O=c1cc1,9.47
CCN1CCN=C1S,7.7
BrC1=CC=C=C[CH]1,9.04
C=C=CC=C=C,8.55
C=C[C](C)C,7.13
O=C1CC(=O)C2CC12,9.4
CC(C)(C)CC=O,9.61
COC1CCCC1OC,8.7
COC1CCCCC1OC,8.7
CC12CC1(C)C(=O)CC2=O,9.1
CN(C)P1(F)=NP(F)(F)=NP(F)(N(C)C)=N1,8.9
C=CCc1ccccc1,8.6
CC(N)Cc1ccccc1,8.5
CC(=O)CI,9.3
CC(C)(C)Sc1ccccc1,8.38
CC(C)Sc1ccccc1,7.9
C[CH]N,5.7
[CH2]N(C)C,5.7
N=C(S)c1ccccc1Br,8.5
NC(CO)C(=O)O,8.7
O=C1c2cc3ccccc3cc2C(=O)c2cc3ccccc3cc21,8.07
COC1CCCCC1OC,8.6
CC=C=C(C)C,8.64
CC(=O)C=Cc1cccc(Cl)c1,8.9
CC1CC[Si]1(C)C,8.59
FC(F)(F)C(Cl)Cl,11.5
CC1CCCC(C)(C)C1,9.39
CCCC1=CCCC1,8.48
CCCCC(C)=C(C)C,8.14
CCCC(C)=C(C)CC,8.08
CCN1CCN(CC)C1=S,7.5
[CH]1CC2CCC1C2,6.84
C1=CC2CCC12,9
IC1CC2CCC1C2,9
NC1CC2CCC1C2,8.3
C1CC2CCCN(C1)CCC2,6.94
CC(C)(C)c1cc(C(C)(C)C)c(I)c(C(C)(C)C)c1,7.5
C1C2C3CC4C1C4CC23,8.2
COP1OCCCO1,8.74
CS(=O)(=O)c1ccccc1,9.5
N#CC#CBr,10.6
C1C2CC1C2,9.65
FC(F)(F)C(F)(F)C(F)(F)C(F)(F)N(C(F)(F)C(F)(F)C(F)(F)C(F)(F)F)C(F)(F)C(F)(F)C(F)(F)C(F)(F)F,11.3
CC12CC(=O)C(C1)C(C)(C)C2=O,9.1
C1COCCNCCOCCOCCN1,8.2
[CH2]NC,5.9
CC1=C(Br)C(=O)c2ccccc2C1=O,9.25
C1COCCN2CCOCCOCCN(CCO1)CCOCC2,7.4
Fc1c(F)c(F)c2c(F)c(F)c(F)c(F)c2c1F,8.87
c1ccc2c(c1)cc1c3ccccc3c3cc4ccccc4c4c5ccccc5c2c1c34,7.02
c1ccc2cc3c(cc2c1)c1cc2ccccc2c2ccc4c5ccccc5cc3c4c21,6.99
c1ccc2cc3c(cc2c1)c1c2ccccc2cc2ccc4cc5ccccc5c3c4c21,6.94
c1ccc2cc3c(cc2c1)c1c2ccccc2cc2c4ccccc4c4cc5ccccc5c3c4c21,6.95
CC1=C(CCl)C(=O)c2ccccc2C1=O,9.25
CC(=O)C=Cc1ccc(Cl)cc1,8.7
Cc1cc2ccccc2c2cc3ccccc3cc12,7.33
C#CC#CC#C,9.5
Cc1cccc2c1ccc1cc3ccccc3cc12,7.3
Cc1ccc2cc3c(ccc4cc(C)ccc43)cc2c1,7.2
C[C]=O,7
Cl[C](Cl)Cl,8.11
Clc1ccc(Cl)s1,8.6
c1cc(-c2ccsc2)cs1,7.99
OCC1(c2ccccc2)CC1,8.35
CN=C(NC)NC#N,8.5
c1cc2c(cn1)=c1cnccc1=2,8.3
CCOCCl,10.3
C=CC=Cc1ccccc1,8.39
N#CC#CF,11.51
O=COCC(F)(F)F,11.31
CCc1ccco1,8.45
C1#Cc2cccc3cccc(c23)C#CCCCC1,7.5
C1#Cc2cccc3cccc(c23)C#CCCC1,7.53
Fc1cccc2ccccc12,8.15
COc1cc(Br)c(CC(C)N)cc1OC,7.4
Fc1ccccc1-c1ccccc1,8.2
C=C1C=CCC=C1,8.6
O=Cc1ccc(-c2ccccc2)cc1,8.47
O=C1C=CC1,9.3
C=C1C(=C)C1=C,8.8
Fc1ccc2ccccc2c1,8.23
Fc1ccc(-c2ccccc2)cc1,8
[CH2]C(F)(F)F,10.6
c1cc2c3c(cccc3c1)C1CCC21,7.6
Fc1cc(F)c(F)cc1F,9.33
CCCCC(N)C(=O)O,8.52
CC(C)(C)c1ccc([N+](=O)[O-])cc1,9.29
FC1(F)c2c3c(c4c(c2C1(F)F)C(F)(F)C4(F)F)C(F)(F)C3(F)F,11.1
C1CCC2CCCC2C1,9.46
FC1(F)c2c3c(c4c(c2C(F)(F)C1(F)F)C(F)(F)C(F)(F)C4(F)F)C(F)(F)C(F)(F)C3(F)F,11.3
C=c1c2ccccc2c(=C)c2ccccc12,7.6
C1COCCOCCOCCOCCO1,8.9
C1CC2CCC1N=N2,7.79
C#CCC=C=C,9.4
[CH],10.64
C#C[CH]C,7.97
CC(C)=C(C)CC(C)(C)C,8.1
c1ccc(N2CCC2)cc1,7.1
CC1(C)C#CC(C)(C)CCC1,8.4
CN(C)P(Cl)N(C)C,7.6
C=[N+]=[N-],9
Cc1cccc2c1ccc1c3ccccc3ccc21,7.46
Cc1cccc2ccc3c4ccccc4ccc3c12,7.44
Cc1ccc2ccc3c4ccccc4ccc3c2c1,7.46
Cc1ccc2c(ccc3c4ccccc4ccc23)c1,7.49
S=c1ssc2ccccc12,7.9
BrC1CCCC1Br,10.02
CC#CCc1ccccc1,8.6
C1=C(c2ccccc2)CC1,8.2
O=C1CCC1=O,9.4
CN1CCN(C)C1(C)C,7.2
C#COC=C,9.4
NC(CS)C(=O)O,9.5
C=CC=C=CC,8.56
C=C(C(=C)C(C)(C)C)C(C)(C)C,8.5
COP1OCCC(C)O1,8.7
ClNCl,9.98
ClC1CCCCCCCCCCC1,9.04
C=CC(=C)CC,8.79
CCCC1C=CCC1,8.84
Cc1ccc2cc[nH]c2c1,7.54
SC12CC3CC(CC(C3)C1)C2,8.6
c1ccc2c(c1)C1C3C2C13,8
c1ccc(-c2ccncn2)cc1,8.65
CC[Si](C)(C)C,9.6
Fc1c(F)c(F)c(Br)c(F)c1F,9.62
Fc1c(F)c(F)c(Cl)c(F)c1F,9.72
S=c1cc(-c2ccccc2)ss1,7.8
C#CCCCCCCC,9.93
c1cnc(-c2ncccn2)nc1,8.3
Cl[CH]Cl,8.32
C[CH]CCCCC,6.95
c1ccc2c(c1)cc1c3ccc4c5cc6ccccc6c6cccc(c7ccc(c8cccc2c81)c3c74)c65,6.4
c1ccc2c(c1)c1cccc3c4ccc5cc6c7cccc8cccc(c9ccc%10c%11ccc2c(c13)c%11c4c5c%10c96)c87,6.72
c1ccc2c(c1)cc1c3c2cccc3c2ccc3c4cccc5c6ccccc6cc(c54)c4c5ccccc5c1c2c34,6.18
Fc1ccccc1Cl,9.18
C1C2CC3CC1CC(SSC14CC5CC(CC(C5)C1)C4)(C2)C3,7.5
Cc1cc2c(C)cc1CCc1ccc(cc1)CC2,7.4
Cc1cccc2c1ccc1cc3ccccc3c(C)c12,7.18
Cc1cccc2c1ccc1c(C)c3ccccc3c(C)c12,7.06
CCCCCCC#CCCCCCC,9.03
Cc1ccc(F)cc1,8.79
Fc1ccc(Cl)cc1,9.01
Cc1cccc(F)c1,8.91
CCSCC,8.42
O=C(F)F,13.04
FC(Br)(Br)Br,10.67
Nc1cc[n+]([O-])cc1,7.67
C[Si](C)(F)F,11.03
FC(F)(F)CI,10
N#CC(F)(F)F,13.93
N=C(O)C(F)(F)F,10.8
[CH]1C=CC=CC=C1,6.28
C=CN=C=O,9.3
C1C23CC12C3,9.74
CC1(C)OOC1(C)C,8.53
C=C(CC)C(=O)O,10.06
FC(F)=CCl,9.8
FC=C(F)F,10.14
FN(C(F)(F)F)C(F)(F)F,11.6
O=C(C(F)F)C(F)F,10.7
CN(C)c1cccc[n+]1[O-],7.62
C1=CC2(C=CC13CC3)CC2,7.33
C=CC=CC(C)(C)C,8.43
CC1(C)CC(=O)CC(C)(C)N1O,8.51
Fc1cc(F)c(F)c(F)c1F,9.63
CC(C)=C1C2C=CC1C=C2,7.97
O=[N+]([O-])c1ccc(N=Nc2ccc([N+](=O)[O-])cc2)cc1,9.97
c1ccc2c(c1)cc1c3cc4ccccc4c4c5ccccc5cc(c5cc6ccccc6c2c15)c34,6.82
CC=CC=NCC,8.9
c1cc2cccc3[se][se]c(c1)c23,7.06
CSSSC,8.73
c1ccc(-c2ccccn2)nc1,8.35
O=c1c2ccccc1cccc2,8
CC1=CC1(C)C,8.58
Fc1ccccc1F,9.29
Oc1ccccc1F,8.68
Fc1ccc(F)c(F)c1,9.3
Cc1cccc2ccc3cccc(C)c3c12,7.53
CC(=O)CC(=O)C(F)(F)F,9.47
CC=CC(C)CC,8.91
CCOC(=O)N1CC2C=CC1CC2,8
Cc1cc2ccccc2c2ccc3ccccc3c12,7.4
O=CC1=CC1,9.6
C[Si](C)(C)[Si](C)(C)[Si](C)(C)C,7.7
Cc1coc(C)c1,8.39
Oc1ccc(F)cc1,8.5
OCCF,10.66
Fc1cccc(F)c1,9.33
O=C(O)C1CCC1,10.35
Oc1cccc(F)c1,8.73
Fc1cc(F)cc(F)c1,9.64
Fc1ccccn1,9.4
C=C(C)C#CC(=C)C,8.95
C1=CC2CCC2C=C1,7.6
C1=CCC=CCC=C1,8.5
C=CC=CC=CC=C,7.79
CCCCCC#CCCCCCCC,9.09
C[Si](F)(F)F,12.48
CC(C)(C)C=Cc1ccccc1,8.29
CCCCCC1CCCC1,9.91
COP1OCCO1,9.06
CCC1CC=CCC1,8.88
[CH2]C(C)(C)C,7.88
[CH2]F,9.04
c1cc2ccc1CCCCCCC2,8
C=CCC1=CCCC1,8.6
C[N+]([O-])=[N+](C)[O-],8.3
CC[Se]c1ccccc1C,7.3
CCOC(=O)N1CC2CCC1CC2=O,8.5
O=C(O)c1ccc(N=Nc2ccccc2)cc1,8.3
C=C1C2C=CC1C=C2,8.5
CC(=O)C=Cc1ccc(Br)cc1,8.9
CC1(C)SSC(C)(C)S1,8
CCOC(=O)C(F)(F)F,11
CC(C)(C)C=Cc1ccccc1,7.8
CC1(C)CC2CC(=O)C1C2,8.75
CC1(C)C(=O)C2CC(=O)C1C2,9
c1cc2ccc3cccc4c3c2c(c1)c1c2cccc3ccc5cccc(c5c32)c41,6.9
c1ccc2cc3c(cc2c1)c1ccccc1c1c2cc4ccccc4cc2c2ccccc2c31,6.83
c1ccc2cc3cc4c(cc3cc2c1)c1ccccc1c1c2ccccc2c2ccccc2c41,6.73
CC1=CCC(C)=C1C,7.96
CN(C)c1ccc(C=Cc2ccc(F)cc2)cc1,6.4
CN1CCCN1C,6.66
Fc1ccccc1-c1ccccc1F,8.35
[CH]1CCCC1,7.21
[C-]=[F+],9.11
Fc1c(F)c(F)c(F)c(F)c1F,9.9
N#Cc1ccccc1F,9.78
C1=CC=CC(C2C=CC=CC=C2)C=C1,8.2
C=CC=CCCCC,8.45
CC(C)[O],9.2
Fc1cccc(-c2cccc(F)c2)c1,8.35
c1cc2c3c(cccc3c1)S2,8
CC(C)(C)c1ccc(Cl)cc1,8.52
CC(C)(C)c1ccc(Br)cc1,8.49
CC(C)(C)c1cc(C(C)(C)C)c(Br)c(C(C)(C)C)c1,8
Fc1ccc(-c2ccc(F)cc2)cc1,8
Cc1cc(C)c(N=S=O)c(C)c1,8.2
CCCC=C(C)C(C)=O,9.22
Cc1cc(C)cc(N=S=O)c1,8.2
O=c1c2cc3cscc3cc1CCCCC2,8.1
O=c1c2cc3cscc3cc1CCCCCC2,8.15
C=CC=C(C)CCC,8.02
C1=Cc2ccccc21,7.5
O=[N+]([O-])c1cccc(F)c1,9.88
CC#CC#CCl,9.19
CC(=O)c1ccc(F)cc1,9.57
N#Cc1cccc(F)c1,9.79
c1cc2c3c(cccc3c1)C1C3C2C13,7.55
CC=CCCC,8.97
Cc1ccc(CN(C)C)cc1,7.61
C1CC2CCC1C1(CC1)C21CC1,8.3
C=C1C=C1,8.15
c1ccc(N2CCCCC2)cc1,7.1
c1ccc(N2CCCC2)cc1,6.8
C[Si](C)(C)[Si]([Si](C)(C)C)([Si](C)(C)C)[Si](C)(C)C,7.41
C=[Si](C)C,7.71
[C+]#C[N-],12
CC1(C)C=CC=C1,8.2
CC1CC1(C)C,8.9
Cc1ccccc1N1CCCC1,6.8
CN=NC,8.45
CN(C)[N+](=O)[O-],9.53
CC=CC=O,9.73
COP1OC(C)CC(C)O1,8.69
N#CN,10.4
C1CS1,9.05
CC(C)(F)F,11.42
C[Si](C)(C)F,10.31
CC(C)(C)c1ccc(C#N)cc1,8.8
CC1C=CC=CCC1=O,8.23
C#CC=CCCCC,8.87
CC(=O)C(F)(F)F,10.67
OCC(F)(F)C(F)(F)F,11.2
CCCCCC#CCCCCCC,9.05
CC1=CC=CC1(C)C,8
CC1=C(C)C(C)=C(C)C1,7.8
CC1=CC=C(C)C1(C)C,7.84
CC(C)(C)C#Cc1ccccc1,8.32
CC(C)SSC(C)C,8
OC1Cc2ccccc2C1,8.5
CCN(CC)N(CC)CC,6.5
CC(C)C1C=CCC1,8.81
C#COc1ccccc1,8.7
c1ccc2c(c1)OC1c3ccccc3C1O2,7.6
c1cc2ccc3cc(ccc4ccc5cc1ccc5c4)ccc3c2,7.1
CC(=O)CF,9.9
CC(=O)C(C)=O,9.3
CCCCCCOO,9.47
FC(F)(F)N(C(F)(F)F)C(F)(F)F,11.7
N#CC(F)=C(F)F,10.6
N#CN=O,10.93
O=C(c1ccccc1)C(F)(F)F,9.72
CC[C](C)C,6.65
Fc1c(F)c(F)c(-c2c(F)c(F)c(F)c(F)c2F)c(F)c1F,9.4
c1ccc2cc3c(cc2c1)cc1c2c3ccc3cccc(c32)c2c3cccc4ccc5cccc(c5c43)c12,6.58
N#CC(=C=O)C#N,10.56
c1ccc2c(c1)C1CCN2CC1,7.85
OC=Cc1ccccc1,8.71
c1ccc(C2CCC2)cc1,8.4
C=CC(O)c1ccccc1,8.6
CCSCSCC,8.22
O=C1CCCCCCCCCCC1=NO,8.99
C#CC#CCC,9.41
C1=CC2CC1c1ccccc12,8.1
CCCN(CC)CC,7.7
C1=Cc2ccccc2CC1,8.1
CCN(C(C)=O)C1=C(Cl)C(=O)c2ccccc2C1=O,8.7
O=C1C=CC(=O)CC1,9.77
CC(=CC(=O)O)c1ccccc1Cl,8.85
O=C(Cc1ccccc1)c1ccccc1,8.5
O=C(O)C=Cc1ccccc1F,9
C1C2C3C4C1C1C2C3C41,8.47
COBOC,9.7
[CH]1CCC1,7.54
C[Si](C)(C)Sc1ccccc1,8.67
C1CCC2CCCC2C1,9.46
O=C(F)c1ccccc1,9.5
CC(=O)c1cccc(F)c1,9.76
O=C(O)c1cccc(F)c1,9.91
O=C(O)c1ccc(F)cc1,9.91
COc1cccc(F)c1,8.41
C12C3C4C1C1C2C2C3C4C12,8.3
O=C=C(Cl)Cl,9
CCOC(=O)CN,8.8
CNc1ccccn1,8.26
C#CC#C,10.17
N#CC#N,13.4
COCC(F)(F)F,10.53
F[C]=C(F)F,10.2
CCOc1ccc2ccccc2n1,8
Oc1cnnc(O)n1,10
Fc1ccccc1,9.2
[CH2]C(C)C,7.93
C=C=C,9.69
C=C=O,9.62
O=C=S,11.18
S=C(Cl)Cl,9.61
C=C(C)C1CC1,8.66
c1ccc2c(c1)c1ccccc3c4ccccc4c2c13,6.84
C#CC(=O)O,10.45
NC(=O)C(N)=O,9.41
O=C=C1C=CC=C1,8.05
C1=CC=C2C=CC=CC(=C1)N2,7.75
C1=CC=C2C=CC=CC(=C1)O2,7.9
c1ccc2c(c1)C1c3ccccc3C2c2ccccc21,7.8
Nc1cccc2cccc(N)c12,6.65
CCOc1ccc(N=[N+]([O-])c2ccc(OCC)cc2)cc1,7.2
ON=C1CCCCCCCCCCC1Cl,9.18
CCCCOOCCCC,9.36
C#CCOc1ccc(C(C)(C)C)cc1,7.85
C1CSCS1,8.6
Cc1ccc(C)c(C)c1C,8.16
Cc1cc1=O,9.15
COC(Cl)Cl,10.84
C#CC#CC,9.4
CC1(C)CCc2ccccc21,8.47
Cc1cc(C)cc(N(C)C)c1,6.95
CCC1CCCCC1C,9.32
CCC1(C)CCCCC1,9.34
C1=CC2CCCC12,9.37
C1CCC2CCCCC2C1,9.32
C1CCC2CCCCC2C1,9.32
c1ccc2c(c1)CCCO2,7.93
CCCC(=O)c1ccccc1,9.08
c1c2c(cc3c1CCC3)CCC2,7.94
CC12CCC(C)(CC1)N=N2,7.73
c1ccc2c(c1)CCN2,7.15
c1ccc2c(c1)CCO2,7.65
CC=C(C)C=O,9.6
C=C1C=CC=C1,8.36
OC1=NCCO1,9.6
O=C1CC2CCC1C2,8.9
CN(C)N1CCCCC1,6.83
C1#CCCC#CCC1,8.9
C1=CC2CCC1C2,8.81
C=O,10.88
C1=CC2C=CC1CC2,8.5
O=C1C2(CCCC2)C(=O)C12CCCC2,8.9
COc1ccc(N=Nc2ccc(OC)cc2)cc1,7.72
C(#Cc1ccccc1)c1ccccc1,7.94
CCCCC(=O)CCCC,9.07
C=c1ccc(=C)cc1,7.5
CC#CC,9.58
C=NN=C,8.95
c1ccc2c(c1)cc1ccc3cccc4ccc2c1c34,7.12
C1CNC1,8.63
C1COC1,9.65
CC(C)(C)[Si](C)(C)C,9.34
O=[N+]([O-])c1ccccc1C=Cc1ccccn1,8.3
O=C1CCCC(=O)C1,9.52
Nc1ccccn1,8.1
O=C=C=C=O,10.6
C1CCSSC1,8.1
C1CSCSC1,8.2
C1CSCCS1,8.4
C=C1CCSCC1,9.22
CCCC=CC=O,9.65
C1CCOCOC1,9.45
N#CBr,11.84
N#CCl,12.36
N#CI,10.87
CC(=O)Br,10.24
CC(=O)S,10
CP(C)F,8.8
CC(C)(C)Br,9.92
IC(I)(I)I,8.95
C#CC1CCC1,9.6
CC(C)C=C(C(C)(C)C)C(C)(C)C,8.31
CCCC=C(CC)C(C)CC,8.04
OC1CCS1,8.3
C=CC=C=O,8.3
C1=CCC23CC=CCC2(C1)CC3,8.7
C#C[O],9.5
COP(=O)(OC)OC,9.99
C1CC2CC(C1)OO2,8.6
C1C2CC3CC1C23,8.7
CC=C(C)C,8.69
CC(C)CCl,10.73
CC(C)CI,9.18
C=C(C)CO,9.26
CCC(C)I,9.1
C=C(C)C(=C)C,8.62
CN=C(NC#N)NCCSCc1[nH]cnc1C,7.7
C=C=C(C)C1CC1,8.83
CB(C)Br,10.25
C1=CC2CC12,8
C[CH]C=CC,7.07
c1ccc(-c2c3ccccc3c(-c3ccccc3)c3c(-c4ccccc4)c4ccccc4c(-c4ccccc4)c23)cc1,6.41
CN1C(=O)C(=O)N(C)C1=O,10.19
CN(C)CN(C)C,7.74
CC=CC=CC,8.24
CC=CC=CC,8.09
c1ccc(C(c2ccccc2)c2ccccc2)cc1,8.34
C1=CCCC=CCC1,8.2
CCCCN(C)N(C)C,6.63
Cc1cccc(C)c1C,8.42
CC1=C(C)C(=O)C(C)=C(C)C1=O,9.16
O=C1C(F)=C(F)C(=O)C(F)=C1F,10.7
CCSC1=CC(=O)CC(C)(C)C1,8.2
C#CCC=O,9.85
C1CCC2(CC1)CCC21CC1,8.5
C=C1C=CC1=C,8.8
C=CCSCC,8.51
c1cc2ccc1CCCCCC2,7.5
C=C(c1ccccc1)c1ccccc1,8
c1cc2ccc3cc4ccc5cc6ccc7cccc8c9ccc%10c(c1)c2c3c1c4c5c(c6c78)c9c%101,6.76
CB1NB(C)NB(C)N1,9.07
c1cc2c(c3c1CCCC3)CCCC2,7.89
CC=C=C=O,9.5
COc1ccc(SSc2ccc(OC)cc2)cc1,7.6
O=c1cccccc1O,9.86
COC(C)OC,9.65
Cc1ccco1,8.38
CS(=O)(=O)C=Cc1ccccc1,8.7
C=CC=S,8.3
C#CC=CC=CC=C,7.8
Clc1ccccc1C=Cc1ccccn1,8.07
C#Cc1ccccc1,8.82
COc1cccc(N)c1,7.76
c1ccc2c(c1)ccc1cc3c(ccc4ccccc43)cc12,7.39
C1CC2CCC1CC21CC1,8.7
CN(C)N1CCCC1,6.59
C=CCC=CCCC,8.96
C(=Nc1ccccc1)c1ccccc1,7.9
c1ccc(CSCc2ccccc2)cc1,8.05
COCc1ccccc1,8.85
CC(C)Cc1ccccc1,8.69
COc1ccc(C(C)(C)C)cc1,7.77
C1CN2CCCN2C1,6.51
O=c1cccccc1,8.88
Fc1ccc(F)cc1,9.16
OCCBr,10
CCCCl,10.82
CCOC,9.72
CCOC(=O)c1[nH]c(C)c(Br)c1C,7.75
CC(C)CC(C)(C)C,9.89
c1ccc2c3ccc4cccc5ccc(c-2cc1)c3c45,6.58
CC(C)CCI,9.2
CC(C)ON=O,10.23
CC(C)=CC(=O)O,9.63
CC1(C)N=NC1(C)C,8.2
CN=[N+](C)[O-],9.7
Clc1cccc(Cl)c1,9.1
C1=CCOCOC1,9
ClC1CCCCC1,10.1
O=C(c1ccccc1)c1cccnc1,9.6
CCCCI,9.23
CC[SiH2]CC,9.8
C1=CCC=C1,8.57
CC(O)=NCC(=O)O,9.4
CCCON=O,10.34
C1=COCCO1,8.07
C1=CC12CCCCC21C=C1,8.3
N#CC(Cl)(Cl)Cl,11.89
CC1C(C)S1(=O)=O,9.5
COC(=O)C(C)C,9.86
C=C(c1ccccc1)c1ccncc1,8.9
CNc1cccc[n+]1[O-],7.67
N#CC(=C=S)C#N,9.94
C1Cc2c3c(c4c(c2C1)CC4)CCC3,7.95
Cc1cc(N(C)C)c(N(C)C)cc1C,6.4
Fc1ccc(F)c(F)c1F,9.57
CCCN=NCCC,8.1
c1cc(-c2ccncc2)ccn1,9.1
CC1=CC(=O)C=CC1=O,9.78
CCC(=O)OC,10.15
COc1cccc([N+](=O)[O-])c1,8.7
O=Cc1ccc([N+](=O)[O-])cc1,10.27
N#CCc1ccc([N+](=O)[O-])cc1,10.11
NC(Cc1ccc(O)cc1)C(=O)O,8
C=CCI,9.3
CN=C=S,9.25
CSC#N,9.96
Oc1ncccn1,10.06
C1CSSC1,7.6
CC(Br)Br,10.17
BrC(Br)(Br)Br,10.31
CC(C)(C)I,8.98
CC1(C)CO1,10
C=CC(C)(C)C,9.45
C1=CC12CCCC21C=C1,8.3
C1=CCC2CC=CC2C1,8.72
ClC(Cl)(Cl)Cl,11.47
C=CN1CC1,8.2
C=CC(C)C,9.52
C=C(C)CC,9.12
C=C(C)C(C)C,9.07
CC(C)=C(C)C,8.27
CC(=O)C(C)C,9.31
CC(N)C(=O)O,8.88
C1=CC2C=CC12,9
c1ccc2cc3c(ccc4ccccc43)cc2c1,7.45
CCC(C)C(C)=O,9.21
CC=C(C)C(C)=O,9.35
CCC(=O)C(C)C,9.1
CC(C)=C(C)C(C)C,8.17
CC(C)C(=O)C(C)C,8.96
c1ncc(-c2cncnc2)cn1,9
CCC=CO,8.34
CC(C)=CO,8.27
C=CC=CCCCCC,8.44
c1ccc2c(c1)C1CCC2c2ccccc21,8.1
CN(C)c1ccccn1,7.8
C1COSC1,8.1
C1CC1C1CC1,8.9
C#CC(C)C,7.44
COC(=O)C(C)I,9.16
Cc1cccc2cccc(C)c12,7.5
Cc1[nH]c(C)c2ccc(=O)ccc12,7.55
CN(C)N,7.29
Cc1ccc(C)c2ccccc12,7.78
IC1CC2CCC1C2,9
CC=CO,8.7
C1=C(c2ccccc2)Oc2ccccc2O1,7.28
CC(=O)c1ccccc1C,8.9
COc1ccccc1C,7.9
c1ccc([Si]2(c3ccccc3)SCCS2)cc1,8.5
c1cc2c3cc1CCc1ccc(c(c1)CC3)CC2,7.8
CC(C)(C)CN,8.46
O=[N+]([O-])c1ccc2ccccc2c1,8.65
O=C(O)Cc1ccc2ccccc2c1,8.05
Brc1ccccc1Br,8.95
O=C1C=CC=CC1=O,9.3
CCC(O)CC,9.76
c1cc2c(c3c1CC3)CC2,8.18
CC(=O)c1cccc(C)c1,8.85
C=C(C(C)(C)C)C(C)(C)C,8.79
COc1cccc(C(C)=O)c1,8.53
COc1cccc(C(=O)O)c1,9.06
O=C(O)c1ccc(Br)cc1,9.72
O=Nc1ccccc1,8.09
C1=CC12CCCCCC21C=C1,8.25
Cc1ccccc1N=Cc1ccccc1,7.7
CC1=CC=CC2=CC=CC=C1C2,7.5
O=S1CSC1,8.8
COC1=CC=CC2=CC=CC=C1C2,7
CNCCc1ccccc1,8.4
CCCCC(=O)CCC,9.1
BrC=CBr,9.63
BrC=CBr,9.51
CC=CC,9.11
CC1(C2(C)CC2)CC1,8.8
IC=CI,8.6
CC(=O)CC(C)(C)C,9.23
CC(C)CC=O,9.7
Cc1cccc(Br)c1,8.79
C=CC(=C)O,8.68
CC1CC=CCC1,8.91
CC1C=CCCC1,8.89
CC1=CCCCC1,8.67
Ic1ccccc1,8.72
CCCCC(C)=O,9.35
O=[N+]([O-])c1ccc[nH]1,9.3
C=C=CCC,9.25
CCCCCC(C)C,9.84
C=CCCCC,9.44
C=CCCC=C,9.27
C=C=CCCC,9
CC=C=CCC,8.76
C1=CCCC=C1,8.25
C=CCCCCC,9.34
CC=CCCCC,8.84
CCCCOC=O,10.52
BrC12C3C4C1C1C2C3C41Br,9
CF,12.5
CP,9.12
C=CBr,9.82
C#CBr,10.31
C#CCl,10.6
C=CI,9.3
C=CN,8.2
[C-]#[N+]C,11.24
CNO,9
COCl,10.39
CB(C)C,9.5
C=C(Br)Br,9.78
O=C(Br)Br,10.8
CC(Cl)Br,10.37
CP(C)C,8.11
ClC(Cl)(Br)Br,10.4
CCC(C)(C)I,8.93
CCC(C)(C)N,8.46
C=C(C)C(C)(C)C,9.02
CC(C)(C)C(C)(C)C,9.8
C=CC=CC(C)(C)C,8.46
CCS(=O)(=O)CC,9.96
C#CC(C)C,9.97
CC(=O)CBr,9.73
C=CC(C)O,9.53
COC(C)C,9.45
CCN(C)C,7.74
CO[N+](=O)[O-],11.53
CC1CCC1,9.6
FC(Cl)=C(F)Cl,10.2
Cc1ccc(S(=O)(=O)c2ccc(C)cc2)cc1,8.66
CCS(=O)(=O)c1ccccc1,9.4
CCC(C)[N+](=O)[O-],10.71
C1CC2C3CCC(C3)C2C1,9.3
CC=C=O,8.95
CC1(C)Cc2ccccc2[Se]1,7.3
C1Cc2c3c4c5c6c2CCc2c1c(c(c(c2CC6)CC5)CC4)CC3,7.3
CCC#CCCCCCCCCC,9.14
CCCC#CCCCCCCCC,9.07
CCCCC#CCCCCCCC,9.09
CC#CCCCCCCCC,9.28
CCC#CCCCCCCC,9.17
CCCC#CCCCCCC,9.13
CCC#CCCCCCCCCCC,9.17
CCCC#CCCCCCCCCC,9.11
CCCCC#CCCCCCCCC,9.1
O=[N+]([O-])c1c2ccccc2cc2ccccc12,7.87
O=C(O)c1c(F)c(F)c(F)c(F)c1F,9.2
CCOCC,9.51
CCCC(C)O,9.78
C1#CCCC#CCCC#CCC1,9
C1Cc2c1c1c(c3c2CC3)CC1,8.15
c1ccc([As](c2ccccc2)c2ccccc2)cc1,7.32
c1ccc(N(c2ccccc2)c2ccccc2)cc1,6.8
c1ccc(P(c2ccccc2)c2ccccc2)cc1,7.39
CNN,7.7
CC(=N)O,9.69
Cc1cc(C)c([N+](=O)[O-])c(C)c1,8.8
Cc1c(C)c2ccccc2c2ccccc12,8.01
CC(C)=C1C2C=CC1C(=O)C2=O,8
O=C1C(=O)C2C=CC1C21CC1,8.1
CC1(C)C2C=CC1C(=O)C2=O,8.2
O=C1C(=O)C2C=CC1C21CCCC1,8.1
CC1=CC2CC1C(=O)C2=O,8.1
C1=CC2C=CC3C=CC1C23,8.6
Cc1ccccc1-c1ccccc1C,8.05
c1c2c(cc3c1CC3)CCC2,8.05
c1cc2c(c3c1CCC3)CC2,8.19
O=C1CCC(=O)C2CC12,9.4
Cn1c(=O)ccc2ccccc21,8
CCCN(C)N(C)C,6.63
CC(C)N(C(C)C)N(C)C,6.65
CN(C)N(C)C(C)(C)C,7.07
O=S1(=O)CSC1,9.4
O=S1CS(=O)C1,8.6
O=S1CS(=O)(=O)C1,9.6
Nc1c(Cl)cccc1Cl,7.6
CSC(C)=CC(C)=O,8.15
Clc1cc(Cl)c(Cl)c(Cl)c1Cl,8.8
C#CC#CCl,9.72
C=C(C)CCCC,9.04
Cc1ccccc1N(C)C,7.42
COC1CCCC1OC,8.6
CC=CC=CC,8.18
CNc1ccccc1C,7.27
CCc1ccccc1[N+](=O)[O-],9.39
Cc1cccc(-c2cccc(C)c2)c1,7.85
CN(C)N=NN(C)C,7
C1CCN(N2CCCCC2)CC1,6.77
Cc1ccc2cc3ccccc3cc2c1,7.37
Cc1ccc(-c2ccc(C)cc2)cc1,8.5
N#Cc1ccc2ccccc2c1,8.56
N#Cc1cccc2c1C1C=CC2C1,8.7
CCN(CC)c1ccc(C)cc1,6.84
O=C(O)C=Cc1ccccc1O,8.5
CCOc1ccccc1C,8
CNC(=O)C(=O)NC,9.33
Cc1ccccc1I,8.4
CNCl,9.19
CC1=CC(=O)OC1=O,10.7
C=CC(O)CC,9.4
COC(=O)CN,9.1
CC(C)(C)OC(C)(C)C,8.88
COc1cc(SC)c(OC)cc1CC(C)N,6.8
COC(=O)OC,10.5
CCN(C)CC,7.5
COS(=O)OC,9.9
C#CC#CC#CC#C,9.09
CC[SiH](CC)CC,9.5
N#Cc1ccco1,9.45
O=C(Br)c1ccccc1,9.65
C=C(O)CC,8.36
N#Cc1cccc([N+](=O)[O-])c1,10.29
COC(=O)c1ccc(N)cc1,7.7
N#Cc1ccc(C(=O)O)cc1,10
N#Cc1ccc([N+](=O)[O-])cc1,10.23
CN(C)c1ccc(C(=O)O)cc1,7.1
ICc1ccccc1,8.73
COc1ccncc1,9.58
Cc1cccc(CCl)c1,8.82
CN=Cc1ccccc1,8.77
[N-]=[N+]=Nc1ccccc1,8.4
CCSc1ccccc1,7.88
CCSc1ccc(C)cc1,8
CCC#Cc1ccccc1,8.3
CNc1ccc(C)cc1,7.13
COc1ccc(Cl)cc1,7.79
CSc1ccc(C)cc1,7.5
N#Cc1ccc(C#N)cc1,10.1
O=Cc1ccc(C=O)cc1,10.13
CCC=C(C)C=O,9.54
CCOS(=O)OCC,9.68
O=C(c1ccccn1)c1ccccc1F,9.11
Ic1ccc(I)cc1,8.45
BrC#CBr,9.67
CC=CC,9.1
C#CCCl,10.68
ICCI,9.4
IC#CI,9.02
OCCI,9.6
[C-]#[N+]CC,11.2
CCOCl,10.13
CCSC,8.55
CN=[N+]=[N-],9.81
CON=O,10.44
CSSC,7.4
C=CCC(C)O,9.38
Nc1ccccc1,7.72
CC=CC(C)=O,9.39
CC=CC(=O)Cl,9.4
C=CCC(=O)O,9.75
CC(=N)S,8.35
CCO[N+](=O)[O-],11.22
CCSC(C)=O,9.2
CC(C)SC(C)C,8.2
Cc1c[nH]c(C)c1,7.54
Cc1ccc(C)o1,7.8
Cc1cccc(I)c1,8.61
Fc1cccc(Cl)c1,9.21
CCC(C)NC(C)CC,7.6
Nc1cccccc1=O,9.43
Brc1cccnc1,9.75
CC1CCCNC1,7.98
CC1CCNCC1,8.03
Clc1cccnc1,9.1
Clc1ccncc1,9.5
IC1CCCCC1,9
O=c1cc[nH]cc1,9.75
CN1CCCCC1,7.77
CCC=CC(=O)O,10.14
CCOCC(C)C,9.3
CCCC[N+](=O)[O-],10.71
CCCO[N+](=O)[O-],11.07
C#CCCC,10.1
CC=CCC,9.01
CC#CCC,9.44
C=CCCO,9.56
[C-]#[N+]CCC,11.8
C=CCOC,9.56
C#CCOC,9.78
CCPCC,8.69
C=CSCC,8.21
C=CSC=C,8.25
C#CCCC#C,9.93
CCCCCI,9.2
C1=CCC=CC1,8.82
C#CCCCCC,10.04
C1=CCCCCC1,8.91
C1=CC=CC=CC=C1,8.03
CC#CCCCCCCCCC,9.29
C=C1C2C3(C)C1C23C,8
[C-]#[O+],14.01
CC(C)(C)CBr,10.04
c1ccc(C(c2ccccc2)(c2ccccc2)c2ccccc2)cc1,8
c1c[nH]c(-c2ccco2)c1,6.95
C=C(C)CN(CC(=C)C)CC(=C)C,7.8
C=c1cc(C)c(=C)cc1C,7.4
Cc1cccc(C)c1C(=O)O,8.9
Clc1ccc(Cl)c(Cl)c1Cl,8.9
Clc1cc(Cl)c(Cl)c(Cl)c1,9.02
Cc1ccc[nH]1,7.78
Cc1ccc(C)s1,8.1
Pc1ccccc1,8.47
CCCCCCI,9.18
CC#CCCCCCCCCCCC,9.26
CC(C)=NC1CCCCC1,8.23
CN(C)N(C)C,6.87
CCO,10.48
O=CO,11.33
CC(=O)O,10.65
O=Cc1c2ccccc2cc2ccccc12,7.69
CC=CCCCCCC,8.9
CC=CCCCCCC,8.9
Cc1ccccc1-c1ccccc1,8.1
C1=CC12CCCCCCC21C=C1,8.2
Cc1cccc(-c2ccccc2)c1,7.95
Cc1ccc(-c2ccccc2)cc1,7.8
C#COC,9.48
C1CCCC2(CC2)C2(CC1)CC2,8.6
CC=CCC,9.04
C=CC#CC,9
COc1cc(CC(C)N)c(OC)cc1Br,7.3
Cn1ncc(=S)n1C,7.4
Cc1cnc2nccnc2n1,8.8
CC1(c2ccccc2)C=C1,8.29
CC(=O)C=Cc1cccc(Br)c1,8.9
C=Cc1c(F)c(F)c(F)c(F)c1F,9.18
C[C]1CC1,7.49
CC(C)(C)[C]=CCCl,9.05
CN(C)B(Cl)N(C)C,8.08
C1CP1,9.4
c1cc2nc(c1)CCc1cccc(n1)CC2,8.35
C1=CC2C3C1C23,8.1
CCCC(N)C(=O)O,8.53
[O-][n+]1cccc(O)c1,8.6
CP1(C)=NP(C)(C)=NP(C)(C)=N1,8.35
CCCCCC=O,9.72
O=C1C(=O)C(F)(F)C1(F)F,10
C1=CCC2CC=CC2C1,8.72
CC[Si]1(CC)C(C)SC1C,7.92
CC(C)(C)C1=C(C(C)(C)C)C(C(C)(C)C)=C1C(C)(C)C,5.9
CC(C)(C)C12C3(C(C)(C)C)C1(C(C)(C)C)C23C(C)(C)C,7.1
O=C1OC(=O)C(F)=C1F,11.45
N#CC(C#N)=C(C#N)C#N,11.77
CC1CCCCN1C,7.63
C=C1CC2C=CC12,8.8
CP(C)c1ccccc1,7.58
FC1=C(F)C2(F)C(F)=C(F)C12F,10.08
CC#Cc1ccccc1,8.42
C=CCCON=O,9.7
C#CC1CC1,8.7
CC=CC(C)C,8.97
Cc1cc(C)oc(=O)c1,8.51
Fc1nc(F)nc(F)n1,11.3
CO,10.84
CC(C)O,10.17
CPC,8.47
ClC(Cl)Cl,11.37
C#Cc1cccc2c(C#C)cccc12,7.91
CP(Cl)Cl,9.5
CP(C)(C)=O,9.5
CP(=O)(Cl)Cl,10.91
Clc1ccccc1C=Cc1ccccn1,8.05
Ic1ccccc1C=Cc1ccccn1,7.95
CN(C)C(F)(F)F,9.2
C1=NCC1,9.3
CCC#CCCCCCCCC,9.17
CN1CN1C,8.7
CN(C)P(=O)(N(C)C)N(C)C,7.9
[CH2]Cl,8.75
CN(C)C=O,9.13
CN1CCC(=O)C1,8.3
C1#CC=CCCC=C1,8.2
CN(C)P(Cl)Cl,8.9
O=C(C(F)(F)F)C(F)(F)F,11.57
CC=S,8.98
C1CCC2CC(C1)OO2,8.5
FC(F)=C(F)C(F)=C(F)F,9.5
CCN(CC)C(C)=O,8.6
C=C1Cc2ccccc2C1,8.34
CCCOB(OCCC)OCCC,10.02
CCCCOB(OCCCC)OCCCC,10.72
Cn1ccc(=S)cc1,7.54
O=C1CCC(=O)C2CCC12,9.1
[O-][n+]1ccc(O)cc1,8.18
C#CC=C,9.58
FC#CF,11.18
COOC,9.1
CC=CC(C)(C)C,8.91
C=CCC(C)C,9.45
CC=CC(C)C,8.98
O=[N+]([O-])c1ccc(N=Cc2ccccc2)cc1,8.4
C[Si](C)(C)CSc1ccc(SC[Si](C)(C)C)cc1,7
CC(C)(C)C=CC(C)(C)C,8.69
CC(C)(C)C=CC(C)(C)C,8.74
CC(C)C=CC(C)C,8.84
C#CCCCC,10.03
Cc1ccccc1CC=O,8.5
C=CC1CC1,8.7
CC1=CCCC1,8.55
C1=CCNCC1,8
CCC1C=CCC1,8.88
[SiH3]c1ccccc1,9.09
[O-][n+]1ccccc1,8.38
Cn1ccccc1=O,8.2
CC1CCN(C)CC1,7.79
CC1CCCN(C)C1,7.76
c1ccc(N2CC2)cc1,8
FC(F)=C1CCCCC1,8.84
CNc1cccc(C)c1,7.26
CCCCCCCCC(C)C,9.7
CSc1ccc(SC)cc1,7.3
O=C1C(F)(F)C(F)(F)C1(F)F,10.7
CS(=O)(=O)C=Cc1ccc(C#N)cc1,9
Cc1cc(C)c(C)c(C)c1C,7.92
CC1C2CC3CC(C2)CC1C3,9.24
OC1C2CC3CC(C2)CC1C3,9.09
O=C1C2CC3CC(C2)CC1C3,8.6
CC(C)(C)c1ccc(F)cc1,8.59
CC12CC3CC(C1)CC(C)(C3)C2,9.15
CCS(=O)CC,8.75
c1ccc2c(c1)c1cccc3c4ccc5c6cccc7c8ccccc8c8cc9ccc%10cc2c(c13)c1c%10c9c(c8c76)c5c41,6.79
CN(C)c1ccccc1N(C)C,7.1
C=CC=CO,8.51
C=CC=CO,8.47
CCC(C)C1CCCCC1,9.23
O=C1C(=O)C2CCC1C21CC1,8.4
C1CCC2CC(C1)C2,9.6
Nc1cccc2c1-c1ccccc1C2,7.25
c1css1,8.5
C1=CC2C=CC1C21CC1,7.9
O=C(O)c1csc(-c2ccccc2)n1,8.6
O=S1CC1,9.2
CCCO,10.22
C1=CC2CCCC1CC2,8.7
c1cc2ccc3cc2cc1CCc1ccc2ccc(cc2c1)CC3,7
CCCCO,9.99
c1ccccc1,9.24
CCCC(C)=C(C)C,8.19
COC(=O)CN(C)C,7.96
C1=C(N2CCCC2)CCC1,7.1
C#CCC(C)C,9.83
C1=CCCC=CC1,8.85
Clc1c2ccccc2cc2ccccc12,7.45
FC1C2=CC=CC=C1C=CC=C2,8.1
CC(C)c1cc(C(C)C)cc(C(C)C)c1,8.24
N#CC1=CC2CC1c1ccccc12,8.5
C=C[C]=O,7
c1ccc2c(c1)c1ccccc1c1c2cc2ccc3cc4c5ccccc5c5ccccc5c4c4c5ccccc5c1c2c34,6.8
c1ccc2c(c1)cc1ccc3cc4ccccc4c4c5cc6c(cc5c2c1c34)c1c2ccccc2cc2ccc3cc4ccccc4c6c3c21,6.7
NC1CC2CCC1C2,8.4
CC(=O)C=Cc1ccccc1Br,8.7
Cc1ccccc1N1CCCCC1,7.1
CCCCCCCCCCCCCCCCCC(CC)c1ccccc1,8.95
C=C[SiH3],10.1
COc1cccnc1,9.34
C1=CC2C=CC1C21CC12C1C=CC2C=C1,8
C1C2(C3C4C3C3C4C32)C12C1C3C1C1C3C12,7.6
CC(=S)C=C(C)O,8.4
BrC1C2CC3CC(C2)CC1C3,9.31
C=CCC=CC,9.04
CB(Cl)Cl,11.51
C=CCC=CC,8.98
C1=CC2CCC1c1ccccc12,8.2
C1=CC2C=CC1c1ccccc12,8
CC(C)(C)c1cc(C(C)(C)C)c(O)c(C(C)(C)C)c1,7.5
C[SiH](c1ccoc1)c1ccoc1,8.1
C#CC(=N)O,9.85
Cc1ccc2ccc3ccc(C)c(C)c3c2c1C,7.5
CSc1cccc2cccc(SC)c12,7.2
FC(F)N(C(F)F)C(F)(F)F,11.4
FC(F)N(C(F)F)C(F)F,11.2
FC(F)N(C(F)(F)F)C(F)(F)F,11.7
c1cc2cc3ccc2cc1CCc1ccc2cc(ccc2c1)CC3,7.3
c1cc2oc1CCc1ccc(o1)CC2,7.6
c1cc2sc1CCc1ccc(s1)CC2,7.95
CCc1cccc([N+](=O)[O-])c1,9.64
[SiH3]c1ccco1,8
CCC(C#Cc1ccccc1)CC,8.24
CC=CCC(C)C,8.92
Cc1cc(C)c2c(ccc3cc(C)cc(C)c32)c1,7.8
C=C=C(C)CC,8.74
C=C1C=C[CH]c2ccccc21,7.35
CC=NN(C)C,7.54
BrC1CCCCC1Br,10.02
C=C(c1ccccn1)c1ccccc1C,8.55
C=C(c1ccccn1)c1ccccc1Cl,8.55
C=C(c1ccccn1)c1ccccc1Br,8.6
C=C(c1ccccn1)c1ccccc1I,8.3
C=C(c1ccccc1)c1cccnc1,8.73
CCCCC=CCCCC,8.76
CCCCC=CCCCC,8.77
Cc1ssc1C,8
FC(F)(F)C(=C=S)C(F)(F)F,9.4
C1=CCC2CSCC2C1,8
IC12CCC(C1)C2,8.8
IC12C3CC1CC2C3,8.6
C=C[C]=N,7.37
ClC1CC(Cl)C2CC1SS2,7.8
C,12.61
CBr,10.54
CC,11.52
C=C,10.51
C#C,11.4
CCl,11.26
CN,8.9
O=C1CC(=O)C2CCC1C2,8.7
C#N,13.6
CS,9.44
BrCBr,10.41
CCBr,10.29
ClCBr,10.77
CCC,10.94
O=C(O)C=Cc1ccccc1Br,8.8
C#CC,10.36
CCCl,10.98
C=CCl,9.99
C=CF,10.36
CCI,9.35
CC#N,12.2
CC=O,10.23
CCS,9.31
ClCCl,11.33
FCF,12.71
ICI,9.46
N=CO,10.16
N=C=O,11.6
S=C=S,10.07
C=NO,10.11
CSC,8.69
C1CC1,9.86
C1CO1,10.56
BrC(Br)Br,10.5
CC(C)Br,10.1
CC(C)C,10.68
CC(C)Cl,10.78
CC(C)I,9.19
CC(C)S,9.15
CC(Cl)Cl,11.04
C=C(Cl)Cl,9.81
CP(F)F,9.8
CC(=O)Cl,10.82
CC(F)F,11.86
C=C(F)F,10.29
C=C[Si](C)(C)C,9.5
FC(F)Cl,12.28
FC(F)F,13.86
IC(I)I,9.23
CN(C)C,7.85
CC1(C)C(=O)C2CC1C(=S)C2(C)C,8.25
CC1(C)C(=S)C2CC1C(=S)C2(C)C,8.2
C[N+](=O)[O-],11.08
CC1CO1,10.22
C1=CC2=CSSCc3cccc(c32)C1,7.4
FC(F)(Br)Br,11.03
FC(F)(F)Br,11.4
CC(C)(C)O,9.9
FC(Cl)(Cl)Cl,11.68
c1ccc(C2=C(c3ccccc3)Oc3ccccc3O2)cc1,7.08
FC(F)(Cl)Cl,12
ClC#CCl,9.9
FC(F)(F)Cl,12.6
C[Si](C)(C)C,9.8
C[Si](C)(C)Cl,10.83
CSCc1[nH]cnc1C,7.9
CC(=O)C(C)(C)C,9.14
C=CC(C)CC,9.44
C=C(CC)CC,9.06
O=C(O)C(F)(F)F,11.5
CCO[PH](=O)OCC,10.31
CCCCCC(C)OO,9.3
C=CCC(C)(C)C,9.4
CC=CC(C)(C)C,8.92
CC(=O)C=Cc1ccccc1I,8.6
CC(=O)C=Cc1ccccc1C(F)(F)F,9
Fc1ccccc1C=Cc1ccccn1,8.18
Brc1ccccc1C=Cc1ccccn1,8.05
C=C(C)CCC,9.08
C=CCC(=C)C,9.16
CC#CCO,9.78
CC(C)=CC=C(C)C,7.67
CC=CCCCCC,8.91
CCC=CCC,8.95
CCCC=CCCC,8.84
CC#CCCC,9.37
CCC=CC=O,9.7
N#CC=CC#N,11.16
CCCCCCCOO,9.48
CC1(C2(C)C=C2)C=C1,8.4
C#CCCCCCCCC,9.91
C#CCCCCCCCCCC,9.9
C#CCCCCCCCCCCCC,9.89
CN(Cl)Cl,9.52
C1=CC2(C=C1)CC2,8.14
C1C2C3CC4C1C4C23,8.4
CC1CCCC(C)N1,7.93
C1=CC2(C=C1)C=CCC2,8.2
COc1ccccc1Cl,8.42
C[SiH](C)c1ccccc1,8.92
CC=Cc1ccccc1,8.15
CSCc1ccccc1,8.2
C#Cc1ccc(C)cc1,8.3
CC(=O)C1CCCCC1=S,8
CC1CCc2ccccc21,8.47
CC1C=Cc2ccccc21,8.27
CC1=CCc2ccccc21,7.97
CNc1c(C)cccc1C,7.34
C[Si](C)(C)c1ccccc1,8.4
C=CCCc1ccccc1,8.6
CC1(C)CCCC(C)(C)N1,7.59
CC=CCCC,8.97
BrC12CC3CC(CC(C3)C1)C2,9.3
CC12CC3CC(CC(C3)C1)C2,9.17
IC12CC3CC(CC(C3)C1)C2,8.6
OC12CC3CC(CC(C3)C1)C2,9.09
Cc1cccc(C)c1N(C)C,7.3
C#Cc1c(C)cc(C)cc1C,8.16
BrC12CCC(CC1)CC2,9.4
CC(C)(C)c1ccc(N)cc1,7.35
C[Si](C)(C)Cc1ccccc1,8.35
COc1ccc(C)cc1N=Nc1ccccc1,7.3
ClP(Cl)Cl,9.9
C[Si]1(C)CSC1,8.25
Fc1ccccc1C=Cc1ccccn1,8.1
Cc1ccccc1C=Cc1ccccn1,8.01
Brc1ccccc1C=Cc1ccccn1,8.05
O=[N+]([O-])c1ccccc1C=Cc1ccccn1,8.3
Cc1ccc(C=CS(C)(=O)=O)cc1,8.3
COP1OC(C)CC(C)O1,8.34
BrC12CCC(C1)C2,9.5
FC(F)=C1CCSCC1,9.34
C=C1CCC2CSCCC2C1,8.26
C=C1CCC2CSCCC2C1,8.22
CC#CCl,9.82
c1ccc([SiH2]c2ccccc2)cc1,8.8
C=CC1CC(C=C)C1,8.9
C=CC1CC(C=C)C1,8.9
O=C1C=CC(=O)C2=C1CC2,9.64
O=C1C=CC(=O)C2CCC12,9.3
c1ccc2c(c1)CCc1ccccc1-2,7.55
c1ccc2cc3c(cc2c1)C1C2C3C12,7.71
C[SiH](c1ccccc1)c1ccccc1,8.75
C[Si](C)(c1ccccc1)c1ccccc1,8.5
S=C1C=CC=C1,8.4
Cc1c2ccc(c1C)CCc1c(C)c(C)c(c(C)c1C)CC2,7
Cc1c(C)c2c(C)c(C)c1CCc1c(C)c(C)c(c(C)c1C)CC2,6.9
Cc1c2ccccc2cc2ccccc12,7.24
ClOCl,10.91
Cc1cccc(C)c1N1CC1,7.6
CCC(C)Br,10.01
CC(C)CBr,10.09
CCC(C)C,10.32
C=CC(=C)C,8.86
Cc1ccccc1[Se]C(C)C,7.2
C#CC(=C)C,9.25
CC(C)CO,10.02
CC(C)C=O,9.71
CCC(C)Cl,10.57
CC(Cl)CCl,10.8
CCC(C)O,9.88
c1ccc([SiH](c2ccccc2)c2ccccc2)cc1,8.4
CCC(C)=O,9.52
C=CC(C)=O,9.65
CC(=O)CCl,9.92
CC=C=C=O,8.68
O=C(Cl)C1C=CC=C1,8.9
ClC=C(Cl)Cl,9.46
CCC(=O)O,10.44
C=CC(=O)O,10.6
COC(C)=O,10.25
CC[N+](=O)[O-],10.9
CC(C)C(=O)O,10.24
FC(F)=C(Cl)Cl,9.65
FC(F)=C(F)Cl,9.81
CC(C)[N+](=O)[O-],10.74
CCC(C#Cc1ccccc1)(CC)CC,8.29
C1#CCC=CC=CC1,8.5
Cc1cc2ccc1CCc1ccc(cc1C)CC2,7.85
Cc1cc2ccc1CCc1ccc(c(C)c1C)CC2,7.3
CC=CN1CC1,7.9
CCC=CN1CC1,7.7
CC(C)=CN1CC1,7.6
CCC=CN1CC1,7.9
CC(=O)C=Cc1cccc(I)c1,8.7
CC(=O)C=Cc1cccc(C(F)(F)F)c1,9.1
CC(=O)C=Cc1ccc(C(F)(F)F)cc1,9.1
CP(C)Cl,8.9
C1=C[SiH2]C=CC1,9.1
C=C(C)C(C)=O,9.5
Cc1cccc(C)c1N1CCCCC1,7.35
CC(C)(C)C(=O)C(C)(C)C,8.67
N=C(S)c1ccccc1I,8.5
O=C1C(=O)C2CC2C1=O,9
CC12CC1(C)C(=O)C(=O)C2=O,8.4
CN(C)CC(F)F,8.42
CC(C)(C)PC(C)(C)C,7.9
NCCCC(F)(F)F,9.1
C1CC2CC2C2CC2C1,8.3
C1CC2CC2C2CC2C1,8.2
C1CCC2CC2C2CC2C1,8.5
C=CC=CC=C,8.29
C=CC#CC=C,8.5
C=CCCCO,9.42
C1=CCC1,9.43
S=C1SCCS1,8.4
C=C=[C]C,7.95
C=C(C1CC1)C1CC1,8.08
O=S1(=O)C=Cc2ccccc21,9.1
c1ccc(-c2cccs2)cc1,8.06
Cc1cc(Cl)ccc1N=S=O,8.5
CC1(C)CC(=O)CC(C)(C)N1,7.74
C=Cc1cccc2ccccc12,7.7
Fc1c(F)c(F)c(I)c(F)c1F,9.54
C=CC1C(C=C)C(C=C)C1C=C,8.6
c1ccc(Pc2ccccc2)cc1,7.8
O=C1CCCCCCCCCCC1,8.96
c1ccc(CSc2ccccc2)cc1,7.87
Cc1cccc2ccc3ccccc3c12,7.7
Cc1cccc2c1ccc1ccccc12,7.7
Cc1ccc2ccc3ccccc3c2c1,7.68
c1cc2c3c(cccc3c1)CC2,7.75
Cc1c[nH]c2ccccc12,7.51
CCOC(=O)C1CCC=CO1,8.6
C1=CC2CC1C1C3C=CC(C3)C21,8.2
c1cc2ccc1C1CC1c1ccc(cc1)C1CC21,7.4
c1ccc(-c2ccccc2-c2ccccc2)cc1,7.99
O=C1c2ccccc2C(=O)c2ccccc21,9.25
C1=CC=C2C=CC(=C1)CCc1ccc(cc1)CC2,7.3
c1ccc2c(c1)ccc1ccccc12,7.89
CNc1ccnc(-c2cc(NC)ccn2)c1,7.3
C=S,9.38
CN=O,9.3
C[Si](C)(C)[Si](C)(C)[Si](C)(C)[Si](C)(C)C,7.29
c1ccc2c(c1)Cc1ccccc1-2,7.91
CO[PH](=O)OC,10.53
C=CCS,9.25
c1coc([SiH2]c2ccco2)c1,8.2
C=CCCCCCCCC,9.42
Brc1ccsc1,8.81
O=c1occo1,9.8
CCc1cccs1,8.67
O=C1C2=C(CC2)C(=O)C2=C1CC2,9.3
O=C1C2CCC2C(=O)C2CCC12,8.8
O=C1C2CCC2C(=O)C2CCC12,8.8
C1=CC2(CC1)CCCC2,8.73
ClB(Cl)c1ccccc1,9.3
OCc1cccc(Cl)c1,8.51
CC=Cc1ccccc1,8.2
[O-][N+]#Cc1ccccc1,8.96
C#Cc1ccc(Cl)cc1,8.6
N#Cc1ccc(N)cc1,8.17
OCc1ccc(Cl)cc1,8.58
CCCSc1ccccc1,7.81
COc1ccc(C#N)cc1,8.6
CC12CCC(C1)C(C)(C)C2=S,8.13
Cc1cccc(C)c1N,7.33
C=CC1C(C=C)C(C=C)C1C=C,8.6
C1#Cc2cccc3cccc(c23)C#CCCCCC1,7.48
Cc1c(C)c(C)c(C)c(C)c1C,7.85
Cc1cc2ccccc2c2ccccc12,7.46
CC1=CC=C(C)C2=C(C)C=CC(C)=C1C2,7.1
CC(C)=C1C2=CC=CC=C1C=CC=C2,7.7
O=c1c(-c2ccccc2)c1-c1ccccc1,8.1
Cc1ccccc1[N+](=O)[O-],9.24
Brc1cccc2ccccc12,8.08
Cc1cccc2ccccc12,7.96
Oc1cccc2ccccc12,7.76
O=C(O)C=Cc1ccccc1I,8.55
O=C1c2ccccc2Cc2ccccc21,8.82
COc1ccccc1OC,7.8
c1ccc2nccnc2c1,9.01
c1ccc2ccccc2c1,8.14
c1ccc2ncccc2c1,8.63
Cc1ccc2ccccc2c1,7.91
Nc1ccc2ccccc2c1,7.1
CCN(CC)c1ccccc1,6.98
C#CC(C)(C)C,9.9
CC(C)(C)N=O,7.5
OC(C(F)(F)F)C(F)(F)F,11.94
c1ccc(-c2cccc(-c3ccccc3)c2)cc1,8.02
c1ccc2cc3cc4ccccc4cc3cc2c1,6.97
C#CC(C)CC,9.79
CC=C(C)CC,8.58
C#CC(=O)OC,10.3
c1ccc(-c2ccccc2)cc1,8.16
C=CC=CC(C)C=C,8.4
C=C(C)C=CC,8.42
C=C(C)C#CC,8.72
C=CC=C(C)C,8.26
CN(C)CC#N,8.72
C#CCCO,9.66
CC(C)(C)N=NC(C)(C)C,7.7
CN(C)SSN(C)C,7.2
CCC#CCC,9.32
c1ccc2c(c1)Sc1ccccc1S2,7.8
c1ccc(-c2ccc(-c3ccccc3)cc2)cc1,7.8
CC1CC1C,9.76
C=CC1CO1,9.52
C=C1C=CCC1,8.4
O=C1C=CC(=O)C1,9.6
O=C1C=CCCC1,9.23
IC12CCC(CC1)C2,8.8
[C-]#[N+]c1ccccc1,9.4
C1=CC2CCC1CC2,8.92
C1=CCCCCCC1,8.82
FC1(F)C(F)(F)C1(F)F,11.18
IC12CCC(CC1)CC2,8.7
C1=CCCCCCCC1,8.81
Cc1cccc2cc[nH]c12,7.71
CC=CCc1ccccc1,8.48
C#Cc1ccc(C#C)cc1,8.58
C1=CCCCCCCCC1,8.8
ClC12CC3CC(CC(C3)C1)C2,9.3
COC(=O)c1ccccc1,9.32
CCc1ccc2ccccc2c1,7.95
Cc1ccccc1C=CC(=O)O,8.65
O=C(Oc1ccccc1)c1ccccc1,8.8
C#CC=CC=Cc1ccccc1,7.9
Cc1cc(C)c2cccc-2c(C)c1,7.1
CC(=O)c1cccc2ccccc12,8.23
O=S(c1ccccc1)c1ccccc1,8.3
ON=C1CCCCCCCCCCC1,8.84
O=C1C2(CCCCC2)C(=O)C12CCCCC2,9
C1=Cc2ccccc2C1,8.14
c1ccc2sccc2c1,8.17
Cc1cc2ccccc2[nH]1,7.67
Cc1ccc(O)c(N=Nc2ccccc2)c1,7.4
Cc1ccccc1Br,8.56
Cc1ccccc1C,8.56
Cc1ccccc1Cl,8.72
Clc1ccccc1Cl,9.06
Cc1ccccc1F,8.91
Cc1ccccc1N,7.47
Cc1ccc(C)c(C)c1,8.27
Cc1cc(C)c(C)cc1C,8.06
Clc1cc(Cl)c(Cl)cc1Cl,9
c1ccc(B(c2ccccc2)c2ccccc2)cc1,8.6
CC(C)(C)c1cc(C(C)(C)C)c(N)c(C(C)(C)C)c1,6.9
CCC(=O)CC,9.31
CC1CCCC1,9.7
CC1=CC=CC1,8.4
Clc1cccs1,8.74
SC1=NCCN1,8.15
Cn1cccc1,7.99
ClC12C3C4C1C1C2C3C41Cl,9.2
IC12C3C4C1C1C2C3C41I,8.7
O=Cc1ccco1,9.22
FC(F)(F)c1ccccc1,9.69
CC(C)c1ccccc1,8.73
CC(=O)c1ccccc1,9.28
O=C(Cl)c1ccccc1,9.53
O=[N+]([O-])c1ccccc1,9.94
Cc1cccc([N+](=O)[O-])c1,9.45
C[SiH](C)C,9.9
CC[Ge](CC)(CC)[Ge](CC)(CC)CC,7.48
CC(C)N(C)C,7.3
O=[N+]([O-])c1cccc([N+](=O)[O-])c1,10.4
CCN(CC)[Si](C)(C)C,7.68
CCCCP(CCCC)CCCC,7.5
Cc1ccc(N(C)C)cc1,6.93
CC#CC(C)(C)C,9.28
Cc1ccc([N+](=O)[O-])cc1,9.46
